id,title,url,seeCount,lyrics,album,date,albumInfo
1,바라보기,https://youtu.be/SfAMGYn_y40,322946,"I know you wanna love me
I know you wanna know me
한 발짝씩 천천히
Come to me baby by my side
몰라요 몰라요 그대 맘을
잘 모르지만
알아요 알아요 내 사랑은
하나라는 걸
이름이 무언지 궁금해
어디에 사는지 궁금해
한 두 살은 많아 보이는데
나보다 오빤지 궁금해
그대 모든 게 알고 싶어져요 정말
몰라요 몰라요 그대 맘을
잘 모르지만
알아요 알아요 내 사랑은
하나라는 걸
우연히 스쳐 지나갈 때
살며시 미소를 지을 때
어쩌다가 눈이 마주칠 때
그 날은 떨려 말도 못 해
그대 모르게 사랑에 빠졌죠 정말
몰라요 몰라요 그대 맘을
잘 모르지만
알아요 알아요 내 사랑은
하나라는 걸
서두르지 말아 한 발짝씩
Slow down
내가 아무리 사랑에
둔한 남자라 해도
I know U that
나를 향한 너의 진실한 마음
날 바라보는 네 눈빛 Like
달콤한 막대사탕을 사달라 조르는
키 작은 어린 아이
사랑에 서투른 나이 쑥스러움도 많아
내 앞에서는 말 한 마디 못 해
편지로 마음을 전하는
순정 만화 속에서나
나올 법한 그런 아이
넌 내 곁에 두긴 아까운 아이
몰라요 몰라요 그대 맘을
잘 모르지만
알아요 알아요 내 사랑은
하나라는 걸
말해요 말해요 그대 맘은
나와 같다고
원하고 원하죠 그 사랑은
나 뿐이란 걸",Growing Up,2009. 4. 23.,정규 1집 Growing Up
2,Boo,https://youtu.be/g3TP6XZ1Baw,3013790,"Think about it  IU
Cheki cheki  IU
Boo  boo  boo (boo  boo  boo)
Ah ah ah  ah ah  ah ah
내가 별로라는 외모를 갖고 있는 너라고
많이 안 좋아하는 버릇도
모조리 다 갖추고 있어
어쩜 스치기만 해도
엄청나게 싫은 얼굴로 (no)
널 쳐다봤어 (미안하긴 했어)
네가 여자친구 없는 이유를 알겠어 (알겠어)
다른 애들보다 조금 수준 떨어져
하지만 며칠 뒤 어느 새 나도 모르게 거짓말처럼
(네 생각만 나)
You're my boo
내게 사랑을 줘 한 입만 boo
맛있는 사랑을 할거야 boo
아이스크림보다 달콤한
(My boo my my boo)
난 너만 사랑하고파
(그냥) 그냥 네 곁에만 있고파
(아무) 아무 것도 난 필요 없는 걸
(My boo my my boo) boo
괜히 콧대 높고 쓸데없이 눈만 높아서
나를 지나가는 남자도
모조리 다 점수를 매겨
(이러네 저러네 말하고)
꼼꼼하게 흠을 잡아도 (uh)
좀 외로웠어 (바보같긴 했어)
내가 남자친구 없는 이유를 알겠어 (알겠어)
다른 애들보다 너무 재기만 했어
하지만 며칠 뒤
어느 새 나도 모르게
거짓말처럼 (네 생각만 나)
You're my boo
내게 사랑을 줘 한 입만 boo
맛있는 사랑을 할거야 boo
아이스크림보다 달콤한
(My boo my my boo)
난 너만 사랑하고파
(그냥) 그냥 네 곁에만 있고파
(아무) 아무 것도 난 필요 없는 걸
(My boo my my boo)
햇살이 좋은 날에
살짝 바람 부는 날에
단 둘이 단 둘이
네 손을 꼭 잡고
걷고 싶은 게 간절하니깐 너무나 신기해
You hoo (my boy)
You're my boo
하나만 물어보고 싶어 boo (boo  boo)
내 맘과 네 맘이 같다면 boo (boo  boo)
지금부터 나를 불러 줘
(My boo my my boo)
난 너만 사랑하고파
(그냥) 그냥 네 곁에만 있고파
(아무) 아무 것도 난 필요 없는 걸
(My boo my my boo) boo  boo
",Growing Up,2009. 4. 23.,정규 1집 Growing Up
3,가여워,https://youtu.be/V3fDY5zH9_g,153491,"난 하루 종일 뭘 했는지 기억 안 나고 
난 손에 쥐고 있는 물건 찾으려 하고
난 오늘이 또 며칠인지 알지 못 하고 
난 집에 가는 길도 낯설어

혼자 뜬 눈으로 밤을 꼬박 새워 
잠 든 전화기만 바라보다가

반쪽뿐인 사랑도 반쪽뿐인 사진도
하나도 버릴 수 없는 내가 너무 가여워
너 때문에 이래 내게 왜 이러는데
깊은 눈물속에 나를 꺼내 줘

널 나 대신에 미워해 줄 친구도 없고
널 잊고 싶은 마음도 없어

가끔 비만 오면 나도 따라 울어
흐린 창에 너의 이름 쓰다가

반쪽뿐인 사랑도 반쪽뿐인 사진도
하나도 버릴 수 없는 내가 너무 가여워
너 때문에 이래 내게 왜 이러는데
깊은 눈물속에 나를 꺼내 줘

사랑이라는 건 너무 어려워
다시 해도 잘 할 자신이 없어

반쪽뿐인 사랑도 반쪽뿐인 사진도
하나도 버릴 수 없는 내가 너무 가여워
너 때문에 이래 내게 왜 이러는데
깊은 눈물속에 나를 꺼내 줘

네가 없는 나는 반쪽이니까",Growing Up,2009. 4. 23.,정규 1집 Growing Up
4,A Dreamer,https://youtu.be/DlrR2rpfW4Q,238233,"밑에 까만 그림자 하나가 깊게 나만 바라만 보다가
밉게 혼자 어딘가 달아난 그때 아침 햇살이 내려와 (uh)
어두운 방 안에서 나 홀로 생각에 잠겨
저 하늘에 달빛이 깊은 어둠을 삼켜
별들의 품에 안겨 스르르 눈이 감겨
꿈 속에 펼쳐진 모습들은 놀라운 광경
손 흔들며 안녕하며 나를 반겨 주는 달과 별들
덩달아 신나서 환하게 웃는 내 얼굴
지금이 순간이 영원하길 기도하며
이 모든 것들이 마치 기적과도 같은 선물
더 가까이 저 하늘 위로 밤새도록 바람 타고 날고 싶어
그냥 걷기만 하는 발 대신에 하얀 날개를 꼭 갖고 싶어
숨겨왔던 감추고 있던 간직했던 한 사람도 몰랐었던
아직 꺼내지 못한 이 비밀까지 저기 별하고 얘기 할래
짙게 다시 어둠이 내린 밤 늦게 작은 방 안에 들어가
이제 나 뿐이라는 생각 난 그때 눈물 한 방울 흘러와
내일을 알 수 없는 삶이라도
건널 수 없을 만큼 깊숙한 강이라도
저 높은 산이라도 어두운 밤이라도
어렵고 두렵지만 갈래 내 등 뒤에 날개를
활짝 피고서 누구보다 밝게 미소 짓고서
혼자가 아닌 걸 비로소 알게 됐어
하늘과 별 바람과 햇살아 날 안아주렴
소중한 내 비밀 너희들만 알아주렴
더 가까이 저 하늘 위로 밤새도록 바람 타고 날고 싶어
그냥 걷기만 하는 발 대신에 하얀 날개를 꼭 갖고 싶어
숨겨왔던 감추고 있던 간직했던 한 사람도 몰랐었던
아직 꺼내지 못 한 이 비밀까지
저기 별하고 얘기 할래
그때가 그리워
별들을 그리며 달빛과 둘이서 춤추던 dreamer
하늘 위로 날며 처음 만나는 자유
꿈 속에서 또 만나요 Bizniz  IU
그때가 그리워
별들을 그리며 달빛과 둘이서 춤추던 dreamer
하늘 위로 날며 처음 만나는 자유
꿈 속에서 또 만나요 Bizniz  IU
누군가가 내게 다가와 왜 아무 말 안 하는지 되묻지만
쉽게 말하는 말보다 상상이 더 오래 기억되고 좋은 걸
Fly to the moon
Dream comes true
Sky's the limit infinity
This is my little secret
",Growing Up,2009. 4. 23.,정규 1집 Growing Up
5,Every Sweet Day,https://youtu.be/k0DZW3VlySI,316975,"Hey boy what you gonna do for me honey
내 방 안에 내 손 끝에 닿는 곳에
하나 둘씩 늘어가는 나보다 큰 선물들
조심스레 만지고
새 하얀 이불에 살며시 숨어서 편지를 쓰고
오랜만에 써내려 간 편지 한 장
내 맘 모두 적어보고 수줍은 끝 인사로
사랑한단 글씨에
아무도 모르게 키스를 담아요
Everyday like a sweet day
Find the day Oh the fine day
눈 뜨면 보고 싶고 만나면 안고 싶고
나도 몰래 어느새 사랑에 빠져 버렸죠
Love you forever 그 어떤 것보다 더
소중한 그댄 내 선물
내게 사준 곰인형을 품에 안고
그대 이름 불러보고 한참을 웃음질 때
머리 맡에 놓아둔 하늘에
흰 구름 모양의 전화가 소리내 울고
그대 만을 반겨주는 내 전화기
내 두 볼에 멀어질 때 다정한 끝 인사로
사랑한단 그 말에
그대를 따라서 사랑을 말해요
Everyday like a sweet day
Find the day Oh the fine day
눈 뜨면 보고 싶고 만나면 안고 싶고
나도 몰래 어느새 사랑에 빠져 버렸죠
Love you forever 그 어떤 것보다
더 소중한 그댄 내 선물
매일 매일 (매일 매일) 내가 잠들기 전에
내 꿈에 먼저 온 그대 모습
날 기다린 그 기나긴 그 시간만큼
그보다 더 그댈 사랑해요
Everyday like a sweet day
Find the day Oh the fine day
날 보면 웃어주는 웃으면 설레이는 이 시간이
영원히 끝나지 않길 바래요
Love you forever 내 마음 속에는
언제나 그대 하나 뿐
Everyday like a sweet day
Find the day Oh the fine day
눈 뜨면 보고 싶고 만나면 안고 싶고
나도 몰래 어느새 사랑에 빠져 버렸죠
Love you forever 그 어떤 것보다
더 소중한 그댄 내 선물
Everyday like a sweet day
",Growing Up,2009. 4. 23.,정규 1집 Growing Up
6,미아,https://youtu.be/0ZukHxqOA0o,4315232,"우리 둘 담아 준 사진을 태워
하나 둘 모아 둔 기억을 지워
그만 일어나 가야 하는 걸
너무 잘 알고 있는데
왜 난 주저 앉고 마는지
쏟아지는 빗물은
날 한 치 앞도 못 보게 해
몰아치는 바람은
단 한 걸음도 못 가게 해 oh
벼랑 끝에 서 있는 듯이
난 무서워 떨고 있지만
작은 두 손을 모은
내 기도는 하나 뿐이야 oh 돌아와
Eh oh eh oh eh eh oh eh oh
Eh oh eh oh eh eh oh
이제는 눈물도 나오지 않아
울먹일 힘마저 없는 것 같아
우리 이별이 꿈이 아닌 걸
너무 잘 알고 있는데
왜 난 깨어나길 비는 지
쏟아지는 빗물은
날 한 치 앞도 못 보게 해
몰아치는 바람은
단 한 걸음도 못 가게 해 oh
벼랑 끝에 서 있는 듯이
난 무서워 떨고 있지만
작은 두 손을 모은
내 기도는 하나 뿐이야 oh
아픈 내 가슴도 깊은 상처들도
나쁜 널 미워하는데
사진을 태우고 기억을 지워도
널 잊을 수 없나 봐 사랑해
쏟아지는 빗물은
날 한 치 앞도 못 보게 해
몰아치는 바람은
단 한 걸음도 못 가게 해 oh
벼랑 끝에 서 있는 듯이
난 무서워 떨고 있지만
작은 두 손을 모은
내 기도는 하나 뿐이야 oh
돌아와 oh 돌아와 oh
",Growing Up,2009. 4. 23.,정규 1집 Growing Up
7,나 말고 넷,https://youtu.be/AzKmCIwmxQs,57210,"여보세요
나 정말 화났어
나 정말 화났어
그만 그만 그만 이제 그만
싫어 싫어 싫어 너무 싫어
거짓말이 내 눈에는 다 보여
다른 여잔 관심없단 그 말
너의 사랑 나 뿐이란 그 말
의심없이 바보같이 믿었지
두고봐 두고봐 넌 넌 넌 실수 했어
나 말고 더 있어 네 여잔
하나 둘 셋 넷
뚜루뚜뚜 뚜뚜 뚜 뚜루뚜
우리 둘이 딱 헤어져
싹싹 빌고 엉엉 울고
그래도 안 봐 줄래
뚜루뚜뚜 뚜뚜 뚜 뚜루뚜
여기까지 딱 좋았어
어머 어머 정말이야 끝이야
바람 피다 들키니까 어때
아니라며 잡아 떼면 뭘 해
빨리 빨리 사실대로 다 말해
두고봐 두고봐 넌 넌 넌 실수 했어
나 말고 더 있어 네 여잔
하나 둘 셋 넷
뚜루뚜뚜 뚜뚜 뚜 뚜루뚜
우리 둘이 딱 헤어져
싹싹 빌고 엉엉 울고
그래도 안 봐 줄래
뚜루뚜뚜 뚜뚜 뚜 뚜루뚜
여기까지 딱 좋았어
어머 어머 정말이야 끝이야
미안해 하니까 한 번만
봐 줄까 그래 볼까
뚜루뚜뚜 뚜뚜 뚜 뚜루뚜
어딨는지 뭘 하는지 하루에도
열 두번은 전화해 안 봐 줄래
뚜루뚜뚜 뚜뚜 뚜 뚜루뚜
거짓말을 또 한다면 그땐 정말
가만 안 둬 진짜야
약속해줘 너는 나만 사랑해",Growing Up,2009. 4. 23.,정규 1집 Growing Up
8,있잖아 (Rock Ver),https://youtu.be/7WINyXmPRAE,4202448,"Yeah  this song is my love story haha
첫 눈에 반한다는 말 절대로 믿지 않던 난
내 앞에 너 나타난 순간 뺏겨버린 맘 멈춰버린 시간
지난 밤에 꿈에서 만난 오랫동안 찾아 헤맨 나의 천사
너무나도 가슴 떨려 말 한 마디 못 해 난 어떡해
있잖아 왠지 두근두근 가슴이 떨려 몰라
있잖아 괜히 나를 보는 눈빛이 너무 좋아
내게 다가 와 (L-U-V) 부끄럽지만
(A to Z) 알고 싶어
난 숨겨 둔 너의 맘
Oh (come on  Mario) 나를 원하니 (yeah!) 가지고 싶니 (yeah!)
나의 모든 게 전부 네 것이길 바라니 (yeah!)
사랑한단 한 마디만 솔직히 말해 봐
Oh oh
이별에 혼자 훌쩍 훌쩍 우는 건 싫어 정말
사랑에 너와 생글 생글 웃고만 싶어 항상
(Baby one two three) 두 손을 꼽아 (L-U-V) 세어보지만
(A to Z) 그 무엇보다 네가 제일 좋아 oh
나를 원하니 (yeah!) 가지고 싶니 (yeah!)
나의 모든 게 전부 네 것이길 바라니 (yeah!)
사랑한단 한 마디만 솔직히 말해 봐
I believe you 'cause I'm in love with you
이런 느낌은 처음이니까 oh
용기내서 말하려 네 앞에 서기만 하면 난 바보가 되고
인사하고 돌아서는 뒷 모습을 보며 또 한숨만 쉬고
누구보다도 무엇보다도 난 너 하나만 있어주면 된다고
다른 것들은 다 필요없다고 그래 나 너만 원한다고 (ay)
나 혼자만 널 원하고 있는 것은 아닐까 혹시나 하는 맘에
불안한 맘에 가슴 속에 담아두는 사랑한다는 말
나를 원하니 (yeah!) 가지고 싶니 (yeah!)
나의 모든 게 전부 네 것이길 바라니 (yeah!)
사랑한단 한 마디만 솔직히 말해 봐 (come on  Mario)
나를 원하니 (yeah!) 가지고 싶니 (yeah!)
나의 모든 게 전부 네 것이길 바라니 (yeah!)
사랑한단 한 마디만 솔직히 말해 봐 (OK)
부드러운 내 입술이 네 볼에 닿을 때
나만 사랑한단 말만 속삭여 줘 darling
",Growing Up,2009. 4. 23.,정규 1집 Growing Up
9,졸업하는 날,https://youtu.be/PfhQbWEeJpI,993136,"오늘은 학교 졸업식
중학생이었던 이지은이 벌써 고등학생 oh
좀 이상해 좀 서운해
친구들 떠날 생각에
나 기분이 왠지 좋진 않아 oh oh
매일 걷던 등굣길
혼을 내던 선생님까지
내 기억에 조금씩
작아지는 추억들이 되겠지만
I'm alright  I'm so fine 아무 문제 없잖아
가끔 속상한 일 있으면 잠깐 울면 되지 뭐
I'm alright  I'm so fine 아무 걱정 하지마
아마 내겐 나쁜 날보다 좋은 날이 많을 거야
책상을 정리하다가
그러다가 문득
친구들과 찍은 사진 봤어 oh
찾아볼 땐 없었는데
어디에 있다 온 거야
나 기분이 좋아 진 것 같아 oh oh
뭔가 좋은 일들이 생길 것만 같은 이 느낌
눈을 뜨는 내일이 기다려져 이제부터 시작이야
I'm alright  I'm so fine 아무 문제 없잖아
가끔 속상한 일 있으면 잠깐 울면 되지 뭐
I'm alright  I'm so fine 아무 걱정 하지마
아마 내겐 나쁜 날보다 좋은 날이 많을 거야
멀어져도
(우리는 꼭) 예쁘게 자라서 또 다시 만날 걸 알잖아
I'm alright  I'm so fine 아무 문제 없잖아
가끔 속상한 일 있으면 잠깐 울면 되지 뭐
I'm alright  I'm so fine 아무 걱정 하지마
아마 내겐 나쁜 날보다 (날보다) 좋은 날이 많을 거야
졸업하는 날
졸업하는 날
졸업하는 날
",Growing Up,2009. 4. 23.,정규 1집 Growing Up
10,Feel So Good,https://youtu.be/r4QggCJ-0eA,232039,"아침에 눈을 뜨면 다가오는 햇살
햇살에 눈 비비고 일어나고
일어나 남은 잠을 깨워보는 Shower time

누군가 청소를 한 깨끗해진 거리
거리에 울리는 내 걸음 소리
Feel so good (Feel so good)
Feel so good (Feel so good)
All my life

얼굴은 웃음으로 가득 채워 그리고
마음은 사랑으로 가득 채워 그래서
걱정은 마음 속에 담지 말고
그래도 그래도 가끔
눈물이 흐를 때는 울어 버려 그리고
또 다시 아플 때는 웃어 버려
그래서(그래서) 언제나 행복한 나

하루에 열 두번은 지어보는 미소
미소에 모두 나를 반겨주고
반기는 사람들과 인사하는 Everytime

어둔 밤 골목길을 지켜주는 달빛
달빛에 춤을 추는 강아지도
Feel so good (Feel so good)
Feel so good (Feel so good)
All my life

얼굴은 웃음으로 가득 채워 그리고
마음은 사랑으로 가득 채워 그래서
걱정은 마음 속에 담지 말고
그래도 그래도 가끔
눈물이 흐를 때는 울어 버려 그리고
또 다시 아플 때는 웃어 버려
그래서(그래서) 언제나 행복한 나

한 걸음 두 걸음 천천히 뛰지 말고
자꾸 자꾸 서두르지 말고
하루 하루 거르지 않고
사랑해 소릴 키우고
그때 그때 오해 다 지우고
서로 서로 아껴준다면
모두 다 기쁜 기분 Feel so good

얼굴은 웃음으로 가득 채워 그리고
마음은 사랑으로 가득 채워 그래서
걱정은 마음 속에 담지 말고
그래도 그래도 가끔
눈물이 흐를 때는 울어 버려 그리고
또 다시 아플 때는 웃어 버려
그래서(그래서) 언제나 행복한 나

웃어 봐 웃어 봐 기분이 좋아
",Growing Up,2009. 4. 23.,정규 1집 Growing Up
11,미운 오리,https://youtu.be/ccY6_idnUTw,84760,"저기 멀리 어두운 하늘 보다가
엄마 별이 사는 그곳은 어딜까
외로운 밤 나를 보고있을까
작은 날개짓으로 날 수가 없는 미운오리 같은 나지만
그래 나의 노래가 저 하늘에 닿을 때
그땐 꼭 만날 수 있겠지
저기 멀리 구름계단 오르면
아빠 별이 나를 웃으며 반길까 혼자인 날 기다리고 계실까
작은 날개짓으로 날 수가 없는 미운오리 같은 나지만
그래 나의 노래가 저 하늘에 닿을 때
그땐 꼭 만날 수 있겠지
한숨이 흘러도 가슴이 슬퍼도 그래도 울지 않아
언젠가 또 다시 쉴 곳을 찾을 걸 알아 ah oh
작은 날개짓으로 날 수가 없는 미운오리 같은 나지만
그래 나의 노래가 끝날 때 쯤엔 그땐 꼭 만날 수 있겠지
하나 둘 셋 하얀 양을 세다가
나도 몰래 눈물이 흘러 내려와
",Growing Up,2009. 4. 23.,정규 1집 Growing Up
12,마주보기 (바라보기 그 후),https://youtu.be/PDTPavp6UiQ,3631,Yeh  my love is real Take my hands baby I want take you there I love you I love you 너에게만 하고 싶은 말 Only you Only you 내 맘속엔 항상 너 뿐이야 처음엔 오래 고민했어 나보다 오빤 줄 알았어 그래서 난 말 걸어보기가 조금은 힘이 들었나 봐 이젠 아닌 걸 너는 내 것인 걸 You know (I already know Let's go) I love you I love you 너에게만 하고 싶은 말 Only you Only you 내 맘속엔 항상 너 뿐이야 네가 내 손을 잡아줄 때 머리를 쓰다듬어 줄 때 부드럽게 미소를 지을 때 가슴이 떨려 미치겠어 때론 삐치고 때론 투정해도 You know (I already know Let's go) I love you I love you 너에게만 하고 싶은 말 Only you Only you 내 맘속엔 항상 너 뿐이야 And I'm da one for you 이제는 내 어깨에 기대봐 My babe 내 손을 잡고 함께 Fly babe Let's fly to the sky 저 밤하늘에 별 너와 함께 세고 싶어 From now to the death 그래 내 옆이 네 자리 여긴 널 위한 New folder Click Click 때로는 둘도 없는 친구 때로는 잔소리 늘어놓는 친오빠처럼 달콤한 말만 속삭이는 애인처럼 자 Let it go I love you I love you 너에게만 하고 싶은 말 (Thank god I found you 넌 나의 Crown J.E 지) Only you Only you 내 맘속엔 항상 너 뿐이야 (And I'm da one for you) 손가락 걸고 단 한 가지만 꼭 꼭 약속해 (I promise you and you gave me a promise) 해와 달 별이 다 사라져도 영원히 둘이 (Swear to god that I love U),Growing Up,2009. 4. 23.,정규 1집 Growing Up
13,비밀,https://youtu.be/GMC389I3Es4,535221,"오늘도 난 손끝으로
네 앞에서 몰래 편지를 써
유리잔에 맺힌 물로
하나씩 써내려 내 마음을
마주 앉아 나를 본다
고개는 또 숙여지고 (숙여지고)
숨길 맘이 더 많은 난
마치 잘못한 아이 같아
비밀이 참 많아진 나
꺼내기 어려운 얘기만 쌓여간다
그래도 난 꿈을 꾼다
날개를 단 내 맘
밤하늘에 날아가 날아간다
매일매일 거울 앞에
네 맘이 되어서 날 비추며
안 한 듯이 화사하게
어설픈 화장도 배워가며
다가온다 나를 본다
딴 델 봐도 네가 보여
돌아보지 못하는 난
마치 겁 많은 아이 같아
비밀이 참 많아진 나
꺼내기 어려운 얘기만 쌓여간다
그래도 난 꿈을 꾼다
날개를 단 내 맘
밤하늘에 날아가 날아가
너에게 들려진다
한 걸음 (한 걸음) 한 걸음 (한 걸음)
좀 더 가볍게 가고 싶어
한 마디 (한 마디) 한 마디 (한 마디)
내겐 왜 이리 힘든 건지 oh
네 향기가 불어온다
내게로 보내는 나 같은 맘인 걸까 ooh
네 마음이 (네 마음이) 내게 온다 ah
오늘도 그렇게 외우며 꿈속으로
내 마음을 듣고 있다
간절한 바람이 온 방 안을
채우고 채우다 흘러간다 흘러간다 ah ah ah
비밀이 또 늘어간다
",Last Fantasy,2011년 11월 29일,정규 2집 Last Fantasy
14,잠자는 숲 속의 왕자 (Feat. 윤상),https://youtu.be/eE_E_ESFOeA,71998,"언제까지 너의 꿈속으로 달아나는 거야
아침이면 모두 어김없이 끝나 버릴 텐데
잠든 너를 지켜보는 것도 지겨워 지겨워
눈을 뜨면 나는 먼 곳으로 떠났을지 몰라
자고 있던 나를 깨워 놓은 건
잊어버렸니 바로 너였을 텐데
꿈결 속에 들려준 약속들 모두
눈을 떠 봐 어디간 거야
언제까지 너의 꿈속으로 달아나는 거야
아침이면 모두 어김없이 끝나 버릴텐데
잠든 너를 지켜보는 것도 지겨워 지겨워
눈을 뜨면 나는 먼 곳으로 떠났을지 몰라
자고 있던 나를 깨워 놓은 건
잊어버렸니 바로 너였을 텐데
꿈결 속에 들려준 약속들 모두
눈을 떠 봐 어디간 거야
어디에서부터 잘못된 거야
(맨 처음부터)
이런 것이 끝은 아니었잖아
잊어버렸니 모두 그대로인걸
옛날부터 그렇게 정해진대로
오래오래 행복해야지
자고 있던 나를 깨워 놓은 건
잊어버렸니 바로 너였을 텐데
꿈결 속에 들려준 약속들 모두
눈을 떠 봐 어디간 거야
자고 있던 나를 깨워 놓은 건
잊어버렸니 바로 너였을 텐데
꿈결 속에 들려준 약속들 모두
눈을 떠 봐 어디간 거야
",Last Fantasy,2011. 11. 29.,정규 2집 Last Fantasy
15,별을 찾는 아이(Feat. 김광진),https://youtu.be/IAS2bVGWXh4,39955,"꿈을 꾸는 내 모습 기억이 날까요
별을 찾는 아이 같다 말했죠
남들과 다른 내 모습 이해해줘서
고맙단 말도 못했는데
어디 있나요 보고 싶은 내 마음과 같은가요
별이 된거죠 내 맘속에 영원히 숨쉬고 있죠
예전처럼 내 곁에서 볼 수 없어도
힘들어 할 땐 나도 알 수 있어
그럴 때 내 모습을 떠올리는 거죠
신비한 힘을 전할게요
어디있나요 보고싶은 내 마음과 같은가요
별이 된거죠 내 맘속에 넌 살아있는 꿈이죠
함께 걸었던 거리 주고받던 얘기
서성거리게 되면 벅차 올라요 나는
너무나 힘들지만
시간이 지나도 더 먼 곳에 있다 하여도
널 바라보고 있어
어디있나요 보고싶은 내 마음과 같은가요
별이 된거죠 내 맘속에 넌 살아있는 꿈이죠
살아있는 꿈이죠
",Last Fantasy,2011. 11. 29.,정규 2집 Last Fantasy
16,너랑 나,https://youtu.be/rsvKskQcFD4,5905718,"시곌 보며 속삭이는 비밀들
간절한 내 맘속 이야기
지금 내 모습을 해쳐도 좋아
나를 재촉하면 할수록 좋아
내 이름 불러줘
손 틈새로 비치는 내 맘
들킬까 두려워
가슴이 막 벅차 서러워
조금만 꼭 참고 날 기다려줘
너랑 나랑은 지금 안되지
시계를 더 보채고 싶지만
네가 있던 미래에서
내 이름을 불러줘
내가 먼저 엿보고 온 시간들
너와 내가 함께였었지
나랑 놀아주는 그대가 좋아
내가 물어보면 그대도 좋아
내 이름이 뭐야
손 틈새로 비치는 내 맘
들킬까 두려워
가슴이 막 벅차 서러워
조금만 꼭 참고 날 기다려줘
너랑 나랑은 지금 안되지
시계를 더 보채고 싶지만
네가 있던 미래에서
내 이름을 불러줘
눈 깜박하면 어른이 될 거에요
날 알아보겠죠 그댄 기억하겠죠
그래 기묘했던 아이
손 틈새로 비치는 네 모습 참 좋다
손끝으로 돌리며
시곗바늘아 달려봐
조금만 더 빨리 날아봐
두 눈을 꼭 감고 마법을 건다
너랑 나랑은 조금 남았지
몇 날 몇실진 모르겠지만
네가 있을 미래에서
혹시 내가 헤맨다면
너를 알아볼 수 있게
내 이름을 불러줘
",Last Fantasy,2011. 11. 29.,정규 2집 Last Fantasy
17,벽지무늬,https://youtu.be/81Y1lo-vY2U,322109,"눈을 뜨면 벽지 무늬 속
그 반복이 내 하루와 닮았어
내 방안에는 깔끔히 정리된 외로움만이
무표정한 양치질 위에
입가에 하얀 거품이 예쁜데
닦아버리면 또다시 무표정한 사람아
내 모든 걸
그저 그렇게 만들어버린 그 하루
그 이별 그 까짓게 뭐라고
한 사람 떠난 게 뭐라고
내 모든 걸 아예 다 가져가 버리지 그랬어요
그 추억 돌아올지도 모를 그 희망까지도
신발장에 제일 예쁜 걸
고르다가 오늘도 같은 걸
예쁠 이유가 설레일 이유가 모자라서
내 모든 걸
그저 그렇게 만들어버린 그 하루
그 이별 그 까짓게 뭐라고
한 사람 떠난 게 뭐라고
내 모든 걸 아예 다 가져가 버리지 그랬어요
그 추억 돌아올지도 모를 그 희망까지도
날 안았던 가슴의 약속도
혹시 영영 못 잊을까봐 늘 불안한 조바심도
눈 감아도 벽지 무늬 속
그 반복이 내 밤의 미로 되어
같은 자리에 우두커니 서 있는 나
",Last Fantasy,2011. 11. 29.,정규 2집 Last Fantasy
18,삼촌 (Feat. 이적),https://youtu.be/165Lsjyirag,220723,"삼촌 이제 오세요? 오늘도 술 좀 마신 건가요
그래도 한 손에는 조카들 좋아할 과자 들고서
너무 속상해 말아요 이리 치이고 저리 치여도
할머니 구박에도 기가 죽으면 안 돼요 난 믿어요 (우리 삼촌을)
개구쟁이 같은 얼굴 무릎 나온 츄리닝
언제 철이 들까 하면서도 지금이 좋아
철부지 삼촌이 귀여운 삼촌이 (우)
항상 내가 예쁘다 이 세상에서 제일 예쁘다
못 생긴 내 콧날도 한가인처럼 예쁘다 해주는
집안의 맨 끝방 신세 그래도 여친 데려온 날엔
어깨에 힘이 잔뜩 마치 우리 아빠만큼 커 보여 (우리 삼촌은)
개구쟁이 같은 얼굴 무릎 나온 츄리닝
언제 철이 들까 하면서도 지금이 좋아
철부지 삼촌이 귀여운 삼촌이 (우)
Check it out
좀만 기다려봐 봐 삼촌을 믿어봐 봐
작은 papa 이제 난다 궁상맞은 내 모습 bye bye bye bye
삼촌 술 담배 좀 끊어!
아이 쪼그만게 지 아빠 닮아가지고 잔소리는
아유 장가는 가야 될 거 아니야 지겨워 죽겠어 그냥!
하... 그러게
개구쟁이 같은 얼굴 무릎 나온 츄리닝
언제 철이 들까 하면서도 지금이 좋아
철부지 삼촌이 귀여운 삼촌이 (우)
삼촌 짱!
",Last Fantasy,2011. 11. 29.,정규 2집 Last Fantasy
19,사랑니,https://youtu.be/W8yhwIqnK6g,181009,"엄마 어젠 정말 미안해요
두 눈이 너무 부어서
방문을 잠근 채
한 발짝도 나올 수 없었어
자꾸만 눈물이 흐르는 걸
나 어떡해
이 지구 위엔
첫사랑을 지켜낸 사람은 없나봐
누구나 한 번쯤 한 웅큼 눈물을 쏟아내곤
잊고 살아가나봐
내 첫사랑은 첫 사랑니처럼 아파
난 몰라 몰라 이 벌레 같은 사랑
어린 내겐 너무 잔인해
어쩌죠 (어쩌죠) 벌써 타버린 내 맘 (내 맘) oh no
My first love (my first love)
이 사랑이 날 죽일 건가봐 어떡해
엄마 아빠도 이렇게 속 썩인 적 있나요
남자는 이렇게 쉬운 여자 맘도 모르나봐
나쁜 놈 전화도 없네
내 첫사랑은 첫 사랑니보다 아파
난 몰라 몰라 이 벌레 같은 사랑
어린 내겐 너무 잔인해
어쩌죠 (어쩌죠) 벌써 타버린 내 맘 (내 맘) oh no
My first love (my first love)
이 사랑이 날 죽일 건가봐 어떡해
달콤한 건 한순간이었나 봐
어쩌지 어쩌다 어쩐다 어쩌나
점점 커져가는 내 사랑을 oh oh
몰라 몰라 자꾸만 보고 싶어
Foolish foolish
바보 같은 내 첫사랑
나 죽을 것 같아 엄마 oh no
My first love
이 사랑이 날 아프게 하네
Love is cold  love is pain
Love is fool
이런 첫 사랑은 내겐 너무나도 아파
철없는 내겐 너무나 아파
첫 사랑니보다
",Last Fantasy,2011. 11. 29.,정규 2집 Last Fantasy
20,Everything's Alright (Feat. 김현철),https://youtu.be/tHNzr_vl-Lw,318526,"Everything's alright
If you hold me tight
나는 괜찮아 너만 있으면
Like a sunny day
Such a wonderful day
내가 아는 넌 그런 사람인 걸

좋은 날씨잖아
약속도 없이 외로운 Holiday
시간도 멈춰 있어
괜히 짜증만 나
이런 날 보고 어쩌란 말인지
네가 없인 아무것도 안되잖아

Everything's alright
If you hold me tight
나는 괜찮아 너만 있으면
Like a sunny day
Such a wonderful day
내가 아는 넌 그런 사람인 걸

여자 자존심에
먼저 전화하긴 좀 그렇잖아
지금도 난 기다려
나를 잘 알잖아
못 이기는 척 전화해주면 돼
알면서 괜히 그래

Everything's alright
If you hold me tight
나는 괜찮아 너만 있으면
Like a sunny day
Such a wonderful day
내가 아는 넌 그런 사람인 걸

우리가 지금까지 나눈 말
뻔한 거짓말이 아니야
Everything's alright
If you hold me tight
나는 괜찮아 너만 있으면
완전 보고 싶어 미치도록 말이야

Everything's alright
If you hold me tight
나는 괜찮아 너만 있으면
Like a sunny day
Such a wonderful day

Everything's alright
If you hold me tight
나는 괜찮아 너만 있으면
After day by day
Soon a smiley day
",Last Fantasy,2011. 11. 29.,정규 2집 Last Fantasy
21,Last Fantasy,https://youtu.be/5uBwDUlOOU4,304462,"좋은 꿈을 꿨죠
어느 꽃보다 아름다운
찬 바람결에 이불 당기며
눈을 뜨니 오늘이었죠
어느새 계절도 바뀌었죠
하얀 하늘과 파란 구름조각들
내 맘대로 그려지던 곳
다시 만날 수 있을까
또 내게 올까
아득한 건 언제나  늘 아름답게 보이죠
가까이 다가선 세상은 내게 뭘 보여줄까요
아직 겁이 많은 이런 나
그대라면 내가 기대도 될까요
더 조금만 맘을 열어 줄래요
그댄 누군가 필요하지 않나요
나처럼
그런 적 없나요
아주 긴 잠을 잔 것처럼
어제와 살짝 다른 공기에
왠지 하루가 낯설 때
왠지 모든 게 낯설 때
나의 아침이 누군가의 밤이란
아주 당연한 그 사실이
왜 이리 외로운건지 왜 슬픈건지
아득한 건 언제나  늘 아름답게 보이죠
가까이 다가선 세상은 내게 뭘 보여줄까요
아직 겁이 많은 이런 나
그대라면 내가 기대도 될까요
더 조금만 맘을 열어 줄래요
그댄 누군가 필요하지 않나요
꼭 나처럼
내 마지막 판타지를 내 가슴에 영원히
날아갈 수 있다면 난 그대에게 갈 텐데
하지만 지난 밤 꿈 속의 의미를 나는 믿어요
아직 모르는게 많은 나
저 문을 열고 걸어나가도 되겠죠
날 천천히 기다릴 수 있나요
기도해줘요 넘어지지 않도록
나를 믿어요
",Last Fantasy,2011. 11. 29.,정규 2집 Last Fantasy
22,Teacher (Feat. Ra.D),https://youtu.be/0ABR7gs0ahc,163870,"키는 더 자라지 않는 것 같은데 시간은 자꾸만 재촉하네요 어른이 되기엔 아직 이른 저를 날마다 보채요
표정없는 얼굴 축 처진 어깨
수많은 어른들의 힘겨운 저 모습이
혹시 제 모습이 될까 봐 늘 겁이 났죠
어떻게 해야 좋을까요?
Teacher 가르쳐줘요
서툴기만 한 저도 어른이 될까요
Teacher 가르쳐주세요
누구보다 행복하게 살래요 지금처럼 이렇게 말예요
Teacher 커다란 세상에 움츠러들면 어쩌죠 Teacher 어렴풋하게 그려왔던
상상속 멋진 모습은 아니더라도 어깨를 펼게요
아주 작은 고민과 약간의 걱정 말곤 모든 게 즐거운 지금의 내 모습이 사라져버릴까봐 늘 겁이 나요
어떻게 해야 좋을까요?
Teacher 가르쳐줘요 서툴기만 한 저도 어른이 될까요 Teacher 가르쳐주세요 누구보다 행복하게 살래요 지금처럼
알 수 없는 미래는 누구에게나 두렵겠지만 괜찮을 것 같아 보여 지금 행복하다면 어른이 되어도
그렇게 다르지 않을 걸 모든 게 그렇듯 행복도 습관이거든
Teacher 가르쳐줘요 서툴기만 한 저도 어른이 될까요? (Yes  you can be the one)
Teacher 가르쳐주세요 누구보다 행복하게 (Yes  you can. Yes  you do. Keep goin')
누구보다 행복하게 살래요 지금처럼
누구보다 행복하게 살래요 지금처럼 Teacher 가르쳐주세요 누구보다 행복하게 살래요 지금처럼 이렇게 말예요
",Last Fantasy,2011. 11. 29.,정규 2집 Last Fantasy
23,길 잃은 강아지,https://youtu.be/a4fZviTtksk,164516,"눈 떠지는대로 일어나서 할 일 없이 눈만 깜빡이다
바쁘게 지나가는 사람들 눈에 나는 없어 내가 없어
Ooh 날 쳐다봐줘 안쓰러운 날 예뻐해줘 ooh
나를 데려가줘 돌아가는 길을 몰라 (그런게 있었나 몰라)
이젠 여기가 내 자리 같아
그저 사랑받고 싶은 맘 (큰 욕심은 아니잖아)
아니잖아 아니잖아
Ooh
날 붙잡아줘 흐려지는 나를 찾아줘 ooh
날 사랑해줘 돌아가는 길을 몰라 (그런게 있었나 몰라)
이젠 여기가 내 자리 같아
그저 사랑받고 싶은 맘 (큰 욕심은 아니잖아)
아니잖아 아니잖아
버려졌어 버려졌어 버려졌어
(나나 난나나 나나나)
(나나 난나나 나나나)
(나나 난나나 나나나)
버려졌어 버려졌어 버려졌어
",Last Fantasy,2011. 11. 29.,정규 2집 Last Fantasy
24,4AM,https://youtu.be/cUSwdW8e5zg,239720,"일어난 건지
아직 잠들지 못한 건지
당장이 내일인지 오늘인지
어젠지도 모르는 그때
4AM rain again
그저 소릴 듣고 있지
가사 없이 흥얼거리지 (dan dan dan yeah)
촉촉한 그 멜로디 (dan dan dan yeah)
정신없이 어지러운 비트 (dan dan dan yeah)
해가 뜨면 흔적없이
모두 잊혀지겠지
조금 무거워진 머리엔
대답할 수 없는 질문들
일렁이는 자동차들
불빛을 세어봐도
세상엔 나뿐인듯해
4AM never end
시곗바늘만 바라보네
연락할 누군가도 없이 (dan dan dan yeah dan)
작아지는 빗소리 (dan dan dan yeah)
I just sing for me the lullaby(dan dan dan yeah)
눈을 뜨면 흔적없이
모두 잊혀지겠지
4AM rain again (rain again)
그저 소릴 듣고 있지 (dan dan dan yeah)
가사 없이 흥얼거리지 (dan dan dan yeah)
촉촉한 그 멜로디 (dan dan dan yeah)
정신없이 어지러운 비트 (dan dan dan yeah)
해가 뜨면 흔적없이
모두 잊혀지겠지
",Last Fantasy,2011. 11. 29.,정규 2집 Last Fantasy
25,라망 (L'amant),https://youtu.be/vPMMRYCLVyQ,219900,"알아요 그대 마음에
어디에도 나는 없었다는 걸
문득 그대 흘린 비웃음
보았죠 그래요 기대 안했죠

아니 실망하고 싶지 않아서
혼자 사랑해도 된다고 믿어요
쓰디쓴 입술에 잠시 스쳐도 좋아서
무섭게 차가운 독이 서린 말해도
미친 꿈을 믿고 싶어요

아니 사랑인 걸 믿어요
날 짓밟고 사라져버려도
하지만 오늘 하루는 길에
고인 물에 비친 모습이 서러워
내 어깨를 감싸며 울어요

한 번도 그대가 날 만져주지 않아도
한 번도 그대가 날 웃음 짓게 안해도
미친 사랑 때문에
그대 사랑할 수밖에 없어요

나를 짓밟고 사라져 버려도
하지만 오늘 하루는
길을 걷다 비친 나의 모습이
초라해진 어깰 감싸며
조금 내 모습이 가여워
혹시나 달라지길 바라며 울어요",Last Fantasy,2011. 11. 29.,정규 2집 Last Fantasy
26,을의 연애 ,https://youtu.be/Q-v_EhKCZrg,393909,"One two one two three
뻔히 봐놓고 답장은 안 해
얼마나 바쁘시길래
끝나고 뭐해 얼굴 좀 볼까
오늘 우리 얘기 좀 해
언뜻 패턴은 비슷하지만
연애 초기 그것관 달라
모른 척 해도 이건 더 이상
밀고 당기기가 아냐
미묘한 신경전들이 더는 필요치 않은 사이
늘어질 대로 늘어져가는 Running time
눈칠 살피며 시간만 끌어
애태우는 저의가 뭐야
유통기한은 끝난 지 오래
상해도 한참 상했지
혀 끝을 지나기도 전에 벌써 지루해져 버린 내 이름
애인스럽게 불려본 게 언제던가 짠해
다시 끓기도 푹 식히기도
뜻뜨미적지근한 온도
끝이 보이질 않는 이 눈치 게임
하루도 더 못해 그래 내가 졌어
에라이 비겁한 남자야
",Modern Times,2013. 10. 8.,정규 3집 Modern Times
27,누구나 비밀은 있다,https://youtu.be/0Qbk_OVsk-Q,1049878,"내가 누굴 탐했었는지
 
네가 알면 넌 어떤 표정을 할까
 
내가 어제 무얼 했는지
 
네가 알면 넌 어떤 얘기를 할까
 
영원한 비밀이란 없다고
 
Oh 말을 하지만
 
떠들썩하거나 사소하거나
 
끔찍한 파문이 일지 몰라
 
*
 
누구나 비밀은 있는 거야
 
아무에게도 말하지 마
 
우리 아무 일도 없던 걸로 안 들은 걸로 해요
 
모두 비밀은 있는 거야
 
누구에게도 말하지 마
 
사람들에게는 진실이란 중요하지 않아
 
내가 무슨 꿈을 꿨는지
 
네가 알면 넌 어떤 얼굴을 할까
 
내가 누굴 싫어하는지
 
네가 알면 까무러칠지도 몰라
 
영원한 비밀이란 없다고
 
Oh oh oh oh 말을 하지만
 
넌 내가 정말로 없을 것 같니
 
아무도 모르는 story 하나
 
넌 네가 정말로 다 안 것 같니
 
너의 제일 가까운 그 사람을
 
* Repeat
 
비밀이 있기에 빛나는 사람
 
나를 언제나 궁금하게 만들어
 
다가갈수록 신비로운 사람
 
그대의 모든 걸 말하지 마요
 
* Repeat
 
",Modern Times,2013. 10. 8.,정규 3집 Modern Times
28,입술 사이,https://youtu.be/rvN2ZbeyJQI,108965,"Oh  darling 넘지 말아요
두 입술 사이 거린 아직까진 50 cm
달콤한 말로 뻔한 말로 착한 나를 유혹하려 하진 말아주세요
사랑은  이 사랑은 완벽할 거에요
Largo  adagio 조급해 말아요
Slowly  baby  slowly  very slow 느린 템포로
Oh  darling 넘지 말아요
두 입술 사이 거린 아직까진 50 cm
솔직한 말로 그 말로 순결한 그대 맘을 내가 느낄 때까진
그 거리는 50 cm
사랑은  이 사랑은 완벽할 거에요
Largo  adagio 조급해 말아요
Slowly  baby  slowly  very slow 느린 템포로
우리 사랑은  이 사랑은 짜릿할 거에요
Love ya  baby  love ya 그대 윗입술에
빨간 나의 아랫 입술이 닿을 때 쯤엔
제발 넘지 말아요
두 입술 사이 거린 아직까진 50 cm
달콤한 말로 그 말로 제발 흔한 여자로 만들진 말아주세요
조금만 날 아껴줘요
두 입술 사이 거린 아직 50 cm
Hush  hush  baby  push me  oh  baby
이 작은 부탁만 들어줘요
Hush  hush  baby  cherish me  baby
",Modern Times,2013. 10. 8.,정규 3집 Modern Times
29,분홍신,https://youtu.be/Q0xvVgKJxfs,16268878,"길을 잃었다  어딜 가야 할까
열두 개로 갈린 조각난 골목길
어딜 가면 너를 다시 만날까
운명으로 친다면  내 운명을 고르자면
눈을 감고 걸어도 맞는 길을 고르지
사라져버린 summer time
너의 두 눈이 나를 비추던 summer time
기다리기만 하는 내가 아냐
너를 찾아 뚜벅
내게 돌아올 summer time
찬 바람 불면 그냥 두 눈 감기로 해
What's the time? Summer time
움파룸파둠 두비두바둠
슬프지 않아 춤을 춘다
다시  다시
길을 찾아 떠난 갈색머리 아가씨는
다시 사랑에 빠졌고 행복했더라는
처음부터 다시 쓰는 이야기
좋은 구둘 신으면 더 좋은 데로 간다며
멈춰지지 않도록  너를 찾을 때까지
사라져버린 summer time
너의 두 눈이 나를 비추던 summer time
기다리기만 하는 내가 아냐
너를 찾아 뚜벅
내게 돌아올 summer time
찬 바람 불면 그냥 두 눈 감기로 해
What's the time? Summer time
움파룸파둠 두비두바둠
멈추지 않아 춤을 춘다
다시  다시
나의 발이 자꾸 발이 자꾸 맘대로 yoo-hoo
Oh my  pink shoes  oh my
난난 마음 잡고 마음 잡고 제대로 yoo-hoo
Yeah  yeah 좀 더 빠르게
잃어버린 내 summer time
낯선 시간을 헤매이다 널 찾을까
아직 길은 멀었니  겁이 나면
나는 괜히 웃어
혹시 넌 나를 잊을까
너의 시간이 내게 멈춰있길 바래
Slow the time  stop the time
움파룸파룸 두비두비
움파룸파룸 두비두바둠
좀 더 빠르게 달려간다
다시  다시  다시  다시
",Modern Times,2013. 10. 8.,정규 3집 Modern Times
30,Modern Times,https://youtu.be/GdNbfXqcOJ8,1437176,"유쾌한 걸음 새까만 콧수염
어딜 바삐 가나  또 뭔 일이
시계토끼처럼 늘 급한 얼굴로
나를 지나쳐 가요
난 그댈 알아 그댄 날 몰라
늘 같은 시간 우린 같은 길을 걷는데
시간 좀 내요 얘기 좀 해요
한 마디 없이 꼭 다문 입술
나 그 목소리를 꼭 들을래요
다음에 보면 꼭 인사해요
또 봐요 미스터 채플린
바람에 날린 동그란 저 모자
달리기를 하나  왜 서둘러
시계톱니처럼 똑같은 모퉁일
돌아돌아 뛰네요
어디서 와서 어디로 갈까
말고도 궁금한 게 이렇게 난 많은데
잠시만 서서 얘기 좀 해요
한 마디 없이 꼭 다문 입술
나 그 목소리를 꼭 들을래요
다음에 보면 꼭 인사해요
또 봐요 미스터 채플린
어두운 얼굴 무슨 일이 있나요
말 건네면 대답할까요
나는 알아요 슬픈 그댈
온 세상 사람들 그대를 보면서
웃어도
못 살게 구는 사람들 없는
먼 길을 떠났다고 난 믿을래요
이젠 웃어요 다 괜찮아요
또 봐요 미스터 채플린
그대가 부른 즐거운 넌센스
나 슬픈 날엔 꼭 그 노랠 해요
언젠가 보면 꼭 인사해요
또 봐요 미스터 채플린
꼭 봐요 미스터 채플린
그 이름도 내겐 사랑스런 채플린
",Modern Times,2013. 10. 8.,정규 3집 Modern Times
31,싫은 날,https://youtu.be/Tqudgg0aBAI,497712,"키 큰 전봇대 조명 아래
나 혼자 집에 돌아가는 길
가기 싫다 쓸쓸한 대사 한 마디
점점 느려지는 발걸음
동네 몇 바퀴를 빙빙 돌다 결국
도착한 대문 앞에 서서 열쇠를 만지작 만지작
아무 소리도 없는 방 그 안에 난 외톨이
어딘가 불안해 TV 소리를 키워봐도
저 사람들은 왜 웃고 있는 거야
아주 깜깜한 비나 내렸음 좋겠네
텅 빈 놀이터 벤치에 누군가 다녀간 온기
왜 따뜻함이 날 더 춥게 만드는 거야
웅크린 어깨에 얼굴을 묻다가
주머니 속에 감춘 두 손이 시리네
어제보다 찬 바람이 불어 이불을 끌어당겨도
더 파고든 바람이 구석구석 춥게 만들어
전원이 꺼진 것 같은 기척도 없는 창 밖을
바라보며 의미 없는 숨을 쉬고
한 겨울보다 차가운 내 방 손 끝까지 시린 공기
봄이 오지 않으면 그게 차라리 나을까
내 방 고드름도 녹을까 햇볕 드는 좋은 날 오면은
",Modern Times,2013. 10. 8.,정규 3집 Modern Times
32,Obliviate,https://youtu.be/jxyVnTjUDTQ,361339,"오 슬픈 기억을 다 모아
Obliviate  Obliviate
지금부터 기억을 지운다
한 걸음 뒤로 갈 때마다 추억 하나씩
난 얼만큼을 더 걸어가야
난 얼만큼 더 버려야 너와 남이 될까
열 걸음은 턱없이 모자라
천 걸음도 어쩜 부족할 거야
결국 난 나쁜 기억은 사라지고 좋은 기억만 남는다는
말도 안 되는 그 주문을 건다
머리야 Obliviate 마음아 Obliviate
아파  얼마나 내가 더 무너져야 해
이건 아니야 그럴 리 없단 말이야
더 선명해진 얼굴 그 목소리가 다시 귓가에
내 머리 속은 너무 비좁아
전부 짐이 돼버린 네 흔적이 나에겐
너무 아픈 virus  약도 없는 virus
오 말도 안 되는 이 사랑이 싫어
머리야 Obliviate 마음아 Obliviate
아파  얼마나 내가 더 무너져야 해
이건 아니야 그럴 리 없단 말이야
더 선명해진 얼굴 그 목소리가 다시 들리네
지워라 머리야 오 제발 내 마음아
지워라 머리야 오 제발 내 마음아
Obliviate
",Modern Times,2013. 10. 8.,정규 3집 Modern Times
33,아이야 나랑 걷자,https://youtu.be/tYkOXrKViDk,140795,"아이야 나랑 걷자  멀리
너의 얘길 듣고 싶구나
아이야 서두를 건 없다
비가 올 것 같진 않아
볕이 닿는 흙을 밟으며
바람 따라 걷고 싶어요
누굴 만난다면 노랠 들려주면
나를 기억하겠죠
돌아올 땐 더 가벼울 발걸음
가슴엔 할 얘기 한 가득
가끔은 돌아 걷자  멀리 (하늘 보며)
너무 가파른 길 만나면 (시간이 걸려도)
성난 바람이라도 불 땐
내가 너를 잡을 테니
하루 종일 해를 받다가
그늘 아래 쉬면 행복해
나를 만난다면 내가 들린다면
내게 말을 걸어요
다음 날에 나를 잊는다 해도
하루쯤 날 생각하겠죠
아이야 나랑 걷자  멀리 (하늘 보며)
너의 얘길 듣고 싶구나 (더 듣고 싶어요)
아이야 서두를 건 없다
비가 올 것 같진 않으니
",Modern Times,2013. 10. 8.,정규 3집 Modern Times
34,Havana,https://youtu.be/7VacG7ySMM4,445816,"거기선 모두가 노랠 하고 산대요
부서지는 파도 앞에 살면서
가장 낯설은 도시  가장 익숙한 그대와
어때요 멋질 것 같죠
여기선 다 못한 우리 비밀 얘기들
크게 나누면서 걸어 다닐래
이건 외워주세요  Hola muchacha hermosa
아침마다 말해줘요
널 위해 한 잔  날 위해 한 잔
늦은 저녁의 피냐 콜라다
웃어요 활짝  예뻐요 찰칵
이 순간을 기억해
Havana  you're my Havana
그대의 미지의 그 눈빛
Havana  언제나 설레임
그대의 존재는 날 꿈꾸게 해
너무 정신 없이 바쁠수록 소중한
그대와 마주한 짧은 순간들
기다릴 누군가가 있는 하루는 행복해
반쯤은 들뜬 내 모습
햇살이 얼핏 달콤한 귤빛
오후가 떠날 마지막 순간
그대를 만날 준비할 시간
난 여행을 떠나요
Havana  you're my Havana
그대의 미지의 그 눈빛
Havana  언제나 설레임
그대의 존재는 날 꿈꾸게 해
그대는 나만의 휴식
고민과 걱정 사라지네
난 매일 저 멀리 떠나요
그대를 볼 때면
Havana  you're my Havana
그대의 미지의 그 눈빛
Havana  언제나 설레임
그대의 존재는 날 꿈꾸게 해
",Modern Times,2013. 10. 8.,정규 3집 Modern Times
35,우울시계,https://youtu.be/rXwd7OFPSHQ,304969,"우울하다 우울해
지금 이 시간엔 우울하다
우울하다 우울해
지금이 몇 시지? 열한 시 반
우울하다 우울해
또 우울시계가 째깍째깍
우울하다 우울해
라면 왜 먹었지? 살 찌겠네
비가 온다 비가 와 (끈적끈적)
끈적거리게 자꾸 비가 와 (끈적)
잠이 온다 잠이 와
그냥 세상 만사 귀찮아
시간이 흐르면
가슴 찢어지던 이별도
시간이 흐르면
이불 걷어찰 어린 기억도
잊혀진다 잊혀져 (잊혀진다니까)
그냥저냥 휙휙 지나 가
잊혀진다 잊혀져
그땐 그게 전분 줄 알았는데
시간이 흐르면
지금 이리 우울한 것도
시간이 흐르면
힘들다 징징댔던 것도
한때란다 한때야
날카로운 감정의 기억이
무뎌진다 무뎌져
네모가 닳아져 원이 돼
우울하다 우울해
무뎌져 가는 게 우울하다
씁쓸하다 씁쓸해
한약을 다려 마신 듯 씁쓸
우울하다 (우울하다) 우울해 (우울해)
별 것도 아닌데 우울하다 (우울하다)
우울하다 우울해
우울우울 열매 먹은 듯 우울
",Modern Times,2013. 10. 8.,정규 3집 Modern Times
36,한낮의 꿈,https://youtu.be/GaR7hwuBgeA,147528,"밉게 우는 건 이제 그만 할까
이대로 어디로든 갈까
아니면 눈을 감을까
그렇게 아픈 건 잊어지지 않아
시간에 기대어 봐  가만
한낮에 꿈을 꾸듯이
살랑 바람이 가만히 날 어루만져
눈물이 날려
같이 있으면 마음을 읽어주는 사람
그래 줄 사람 어디 없나
비가 내리면 햇살을 대신하는 사람
늘 같은 사람 어디쯤 있나
행여나 그 사람 내 곁으로 오면
하루 다 나를 안아주면
그때나 웃어나 볼까
나만 혼자란 생각만 안 들게 해줘
날 웃게 해줘
같이 있으면 마음을 읽어주는 사람
그래 줄 사람 어디 없나
비가 내리면 햇살을 대신하는 사람
늘 같은 사람 어디쯤 있나
졸리운 책은 덮어두고
한낮에 꿈을 꾸듯이
",Modern Times,2013. 10. 8.,정규 3집 Modern Times
37,기다려,https://youtu.be/1i9ZhJJufiM,108499,"이 느낌이 아냐 깊숙이 숨겨놓은 그 아일 불러줘
조금 더 내게 불친절 해도 돼
다문 입술이 열리는 순간을 난 기다려
착한 얼굴이 일그러지는 순간을 기다려
기다려
",Modern Times,2013. 10. 8.,정규 3집 Modern Times
38,Voice Mail ,https://youtu.be/PBgv9Ey-Hb8,618338,"어쩌면 아니길 바랬나 봐
얼마 전부터 밤낮으로 
날 괴롭히는 두근거림
덕분에 나 어제는 한숨도 못 잤어

미안 아마 너도 느꼈을 거야
어설프게 감추며 네 주윌 맴돌던 내 모습이 네게
많이 거슬렸다면 사과할게

사실은 지금도
할 수만 있다면 계속 부정하고 싶다 
근데 솔직히 조금은
헷갈리게 만든 
네 책임도 있는 거 아냐?

늦은 밤 진동 소리에
은근한 목소리로 나를 깨웠잖아
아침은 꼭 먹고 다니라며
다정했던 걱정 정말 넌 
아무 뜻도..없었냐

걱정 마 심각한 수준은 아냐
네게 심심풀이 땅콩이라도 좋다느니 
뭐 그런 얘기 아냐
잠깐 이러다 알아서 정리할게

녹음 시간은 벌써
2분 30초가 막 넘어가고 있네
사실 더 할 말도 없어
어차피 아무 대책 없이 
그냥 한 번 질러본 거니까

참 끝까지 초라하다
나 왜 이렇게 한심하니
이런 건 아닌데

답장을 못내 기다릴 텐데
역시 아니라면 난 아니라면

네가 아니면 뭐 아닌 거지 뭐
아닌 거지 뭐
",Modern Times,2013. 10. 8.,정규 3집 Modern Times
39,이 지금,https://youtu.be/sB6UGX2YPjQ,4829111,"이건 비밀이야
아무에게도 고백하지 않았던
이야기를 들려주면
큰 눈으로 너는 묻지
How wow wow  Whatever
나 실은 말이야
저기 아득한
미래로부터 날아왔어
쏟아질 듯이 빼곡한
별들 사이를 지나 Fly fly fly
있지  그곳도 사실
바보들투성이야
아니  매우 반짝이는 건
오히려 Now now now
이 하루  이 지금  우리 
눈부셔 아름다워
이 불꽃놀이는
끝나지 않을 거야
Ooh  Whatever
흐린 날이면
거짓말처럼 무섭게 깜깜했지
새침데기 태양은
뜨겁기는 커녕 Peacoke
Blue blue blue  Whatever
매일매일
제멋대로인 바람결을
땋아서 만든
이 나침반이 가리킨
그곳에서 발견!
Oh That's you you yes  you
있지 저런 건 그저
자그만 돌멩이야
빛이 나는 건 여기 있잖아
Life is cool cool cool
시간은 많아 이대로면 아마
영원히 살 수 있지 않을까
안녕 나의 주인공
그래 너를 만나러 나 
짜잔 우아하게 등장!
바로 이 하루 이 지금  우리 
눈부셔 아름다워
나는 확실히 알아
오늘의 불꽃놀이는
끝나지 않을 거야
우우우 우우우
우우우 우우우
더 놀라운 건 지금부터야
",Palette,2017. 4. 21.,정규 4집 Palette
40,팔레트 ,https://youtu.be/d9IxdwEFk1c,142277077,"이상하게도 요즘엔 그냥 쉬운 게 좋아
하긴 그래도 여전히 코린 음악은 좋더라
Hot pink보다 진한 보라색을 더 좋아해
또 뭐더라 단추 있는 pajamas  lipstick 좀 짓궂은 장난들
I like it  I'm 25
날 좋아하는 거 알아
Oh  I got this  I'm truly fine
이제 조금 알 것 같아 날
긴 머리보다 반듯이 자른 단발이 좋아
하긴 그래도 좋은 날 부를 땐 참 예뻤더라
오 왜 그럴까 조금 촌스러운 걸 좋아해 hmm
그림보다 빼곡히 채운 palette 일기 잠들었던 시간들
I like it  I'm 25
날 미워하는 거 알아
Oh  I got this  I'm truly fine
이제 조금 알 것 같아 날
어려서 모든 게 어려워 잔소리에 매 서러워
꾸중만 듣던 철부지 애
겨우 스무고개 넘어 기쁨도 잠시 어머
아프니까 웬 청춘이래
지은아 오빠는 말이야 지금 막 서른인데
나는 절대로 아니야 근데 막 어른이 돼
아직도 한참 멀었는데
너보다 다섯 살 밖에 안 먹었는데
스물 위 서른 아래 고맘때 right there
애도 어른도 아닌 나이 때 그저 나일 때
가장 찬란하게 빛이 나
어둠이 드리워질 때도 겁내지 마
너무 아름다워서 꽃잎 활짝 펴서
언제나 사랑받는 아이 you
Palette 일기 잠들었던 시간들
I like it  I'm 25
날 좋아하는 거 알아
Oh  I got this  I'm truly fine
이제 조금 알 것 같아 날 (아직 할 말이 많아)
I like it  I'm 25
날 미워하는 거 알아
Oh  I got this  I've truly found
이제 조금 알 것 같아 날
",Palette,2017. 4. 21.,정규 4집 Palette
41,이런 엔딩,https://youtu.be/Rh5ok0ljrzA,31173068,"안녕 오랜만이야
물음표 없이 참 너다운 목소리
정해진 규칙처럼
추운 문가에 늘 똑같은 네 자리
제대로 잘 먹어 다 지나가니까
예전처럼 잠도 잘 자게 될 거야
진심으로 빌게
너는 더 행복할 자격이 있어
그런 말은 하지 마 제발
그 말이 더 아픈 거 알잖아
사랑해줄 거라며 다 뭐야
어떤 맘을 준 건지
너는 모를 거야
외로웠던 만큼
너를 너보다 사랑해줄 사람
꼭 만났으면 해
내가 아니라서 미안해
주는 게 쉽지가 않아
그런 말은 하지 마 제발
그 말이 더 아픈 거 알잖아
사랑해줄 거라며 다 뭐야
어떤 맘을 준 건지 끝내 모를
솔직히 말해줄래 제발
너라면 다 믿는 거 알잖아
네 말대로 언젠가 나도
나 같은 누군가에게
사랑받게 될까?
",Palette,2017. 4. 21.,정규 4집 Palette
42,사랑이 잘,https://youtu.be/dMn509ddAkc,13116562,"미리 말할게 사과는 안 해
아무 말 없이 너 후회 안 해?
다 관심 없잖아 친구야 뭐야
Oh you know what to do
피곤해 그만 오늘은 놔 줘
더 이상 반복하긴 싫어
또 다 내가 나빠
아마 그래 난 널 미워하나 봐
사랑이 잘 안 돼
떠올려 봐도
피부를 비비고 안아봐도
입술을 맞춰도 참
생각대로 되지 않아
웃긴 것 같아
되돌려보려고 서로 모른 척해도
이제 와 우리가 어떻게
다시 사랑 같은 걸 하겠어
다섯 번째 미안하단 말이
이젠 너에게는 지겨운 건지
마지막일 거란 예감이 들어
Oh you know what to do
이건 내가 오늘 하루 종일
그린 저녁은 분명 아니야
널 보면 자꾸 네 안에 내가 보여서
이젠 내가 싫어
사랑이 잘 안 돼
떠올려 봐도
피부를 비비고 안아봐도
입술을 맞춰도 참
생각대로 되지 않아
웃긴 것 같아
되돌려보려고 서로 모른 척해도
이제 와 우리가 어떻게
다시 사랑 같은 걸 하겠어
어디야
넌 어디야
집이야
난 택시야
집에 거의 다 와가니
Oh 미안해
뭐 어떤 게
그냥 다
들어가
나 지갑 거기 두고 왔어
Oh 있잖아
아니야
말해 봐
이제 더 사랑하지 않는 것 같아
아
사랑이 잘 안 돼
떠올려 봐도
피부를 비비고 안아봐도
입술을 맞춰도 참
생각대로 되지 않아
웃긴 것 같아
되돌려보려고 서로 모른 척해도
이제 와 우리가 어떻게
다시 사랑 같은 걸 하겠어
",Palette,2017. 4. 21.,정규 4집 Palette
43,잼잼,https://youtu.be/mHUPGYFRwxk,2975574,"알 만한 사람끼리 이 정도 거짓말엔
속아주는 게 예의 아닌가요
될래 그깟 멍청이 뭐든 해봐요 우리
생각할 겨를조차 주지 마요 (Jam)
설탕이 필요해 난 몸에
나쁜 게 좀 필요해
뜨뜻미지근한 건 그만해
막 솔직하겠다고? 그게 뭐라고
I need some sugar  I need something fake
진심이란 게 뭐야? 난 상관 안 해
둘 다 알잖아 limit 곧 끝날 텐데
식기 전에 날 부디 한껏 녹여줘 babe
덮고 그 위에 다시 얹고 또다시
덮고 그 위에 다시 얹고 또다시
덮고 그 위에 다시 얹고 또다시
덮고 그 위에 다시 얹고 또다시
알 만한 사람끼리 이 정도 거짓말엔
속아주는 게 예의 아닌가요
될래 그깟 멍청이 뭐든 해봐요 우리
생각할 겨를조차 주지 마요
Jam 설탕 탕 탕 사랑 랑 랑
Jam 설탕 탕 탕 사랑 랑 랑
사랑한다고 해
입에 발린 말을 해 예쁘게
끈적끈적 절여서 보관할게
썩지 않게 아주 오래
I need some sugar  I need something fake
천연 그런 거 몰라 자극적이게
굳이 알려고 하지 말자 의미 그놈의 의미
어서 다 녹여줘 babe
덮고 그 위에 다시 얹고 또다시
덮고 그 위에 다시 얹고 또다시
덮고 그 위에 다시 얹고 또다시
덮고 그 위에 다시 얹고 또다시
Jam
아주 형체도 알아볼 수 없게
Jam (이것 봐)
온몸에 묻었어 (사랑 사랑 사랑)
Jam
Baby  make me be sweet
Baby  make me so sweet  baby
Jam  oh
Baby  make me be sweet
Baby  make me so sweet
알 만한 사람끼리 이 정도 거짓말엔
속아주는 게 예의 아닌가요
될래 그깟 멍청이 뭐든 해봐요 우리 (멍청이 우린)
생각할 겨를조차 주지 마요
덮고 그 위에 다시 얹고 또다시
덮고 그 위에 다시 얹고 또다시
덮고 그 위에 다시 얹고 또다시
덮고 그 위에 다시 얹고 또다시
",Palette,2017. 4. 21.,정규 4집 Palette
44,Black Out,https://youtu.be/77rsl3WZaBI,602902,"놔 봐 나 완벽해 멀쩡해
집에 안 가도 돼
정말 구구단도 가능해
칠칠에 사십구
안 믿는 거 다 알아
Nothing special
기분 좋아서 그래
Something special
절대 나 괜찮아 맹세해
아 너나 좀 잘해
어머 쟤네 둘이서 키스해
하라지 뭐 어때
가서 아무나 안아
Nothing special
기분 좋아서 그래
Something special
샌디에이고나 산티아고나
너는 상관없지
That she said
Course course I don't care
오늘 다시 안 오겠지
당연히 올 리가 없지
여기부턴 기억 안 할래
Hey ms. 델러 웨이
I love your party
이리 와서 나의 키스를 받아줘
사랑이 많은 건 전혀
나쁜 게 아니래요
잠깐 바닥이 일어났어
나 진짜 억울해
봐봐 쟤 나한테 인사해
오지 마 위험해
이상하게 보지 마
Nothing special
기분 좋아서 그래
Something special
두 갈래로 보일 때는
대개는 왼쪽이 맞아
That he said But 나 멀쩡해
오늘 다시 안 오겠지
당연히 올 리가 없지
여기부턴 기억 안 할래
Hey 거기 DJ I love your music
도대체 나를 어떻게 한 거야
다스베이더만 아니면
네가 내 첫사랑이야 Oh
Hey ms. 델러 웨이
I love your party
이리 와서 나의 키스를 받아줘
사랑이 많은 건 전혀
나쁜 게 아니래요
Hey 거기 DJ I love your music
도대체 나를 어떻게 한 거야
다스베이더만 아니면
네가 내 첫사랑이야 Oh",Palette,2017. 4. 21.,정규 4집 Palette
45,마침표,https://youtu.be/Z8IwYi6h_bw,491834,"알고 있었어 무슨 말인지
무슨 마음인지 다 알아
하루 더  딱 하루만 더
미루고 싶었어
그래야겠지 결국 언젠간
제일 어려운 숙제를 해야지
마지막 인사가
이렇게 늦어서 미안
많이 보고 싶지만
널 다시는 만나지 않았음 좋겠어
아파 울지만 다신 너로 인해
웃지 않았음 좋겠어
한 움큼씩 나눴던 진심도
너무 쉬웠던 대답도
못 잊게 사랑한 여러 번의 계절도
안녕 모두 안녕
전부 알 것 같아도 더 이상의
이해는 없었음 좋겠어
묻고 싶지만 끝내 그 대답을
듣지 못했음 좋겠어
변함없이 정직한 두 눈도
약속한 겨울바다도
못 잊게 행복했던 어린 날의 나도
안녕 모두 안녕
안녕 모두
",Palette,2017. 4. 21.,정규 4집 Palette
46,밤편지,https://youtu.be/BzYnNdJhZQw,78445483,"이 밤 그날의 반딧불을
당신의 창 가까이 보낼게요
음 사랑한다는 말이에요
나 우리의 첫 입맞춤을 떠올려
그럼 언제든 눈을 감고
음 가장 먼 곳으로 가요
난 파도가 머물던
모래 위에 적힌 글씨처럼
그대가 멀리
사라져 버릴 것 같아
늘 그리워 그리워
여기 내 마음속에
모든 말을
다 꺼내어 줄 순 없지만
사랑한다는 말이에요
어떻게 나에게
그대란 행운이 온 걸까
지금 우리 함께 있다면
아 얼마나 좋을까요
난 파도가 머물던
모래 위에 적힌 글씨처럼
그대가 멀리
사라져 버릴 것 같아
또 그리워 더 그리워
나의 일기장 안에
모든 말을
다 꺼내어 줄 순 없지만
사랑한다는 말
이 밤 그날의 반딧불을
당신의
창 가까이 띄울게요
음 좋은 꿈 이길 바라요
",Palette,2017. 4. 21.,정규 4집 Palette
47,그렇게 사랑은,https://youtu.be/Z_1d8JwHTFY,517489,"그렇게 사랑은 간절히 불러보지만 아무런 대답이 없는
그렇게 사랑은 아무리 다가갈수록 멀어져 가는
얼마나 사랑은 수많은 사람들 중에 오직 그대 하나
얼마나 사랑은 걷잡을 수 없는 바람이 되어 가질 수 없는
꿈결이 너를 내게 데려온
밤새 처음 들은 목소리가 웃음이 되고
어느새 앞서간 너의 뒷모습
잠시도 멈추지 못해 내 마음 터질 것 같아
너를 사랑하는 혼자만의 사랑이라도
내 맘 하나 가득 소중한 모든 것인 것을
너를 사랑하는 혼자만의 사랑이라도
시들지 않는 영원한 것을
남겨진 하늘 검은 밤바람
떠나간 너의 기억 눈부시게 밝혀져있고
모두 사라질 세상 속에서
널 향한 조급한 그리움 더욱 커져만 가는
너를 사랑하는 혼자만의 사랑이라도
내 맘 하나 가득 소중한 모든 것인 것을
너를 사랑하는 혼자만의 사랑이라도
시들지 않는 영원한 것을
어쩌면 사랑은 닿을 수 없는 너의 손 애써 잡으려 하는
어쩌면 사랑은 있지도 않은 곳으로 찾아가려는
",Palette,2017. 4. 21.,정규 4집 Palette
48,이름에게,https://youtu.be/8zsYZFvKniw,8955965,"꿈에서도 그리운 목소리는
이름 불러도 대답을 하지 않아
글썽이는 그 메아리만 돌아와
그 소리를 나 혼자서 들어
깨어질 듯이 차가워도
이번에는 결코 놓지 않을게
아득히 멀어진 그날의 두 손을
끝없이 길었던
짙고 어두운 밤 사이로
조용히 사라진
네 소원을 알아
오래 기다릴게
반드시 너를 찾을게
보이지 않도록 멀어도
가자 이 새벽이 끝나는 곳으로
어김없이 내 앞에 선 그 아이는
고개 숙여도 기어이 울지 않아
안쓰러워 손을 뻗으면 달아나
텅 빈 허공을 나 혼자 껴안아
에어질듯이 아파와도
이번에는 결코 잊지 않을게
한참을 외로이 기다린 그 말을
끝없이 길었던
짙고 어두운 밤 사이로
영원히 사라진 네 소원을 알아
오래 기다릴게
반드시 너를 찾을게
보이지 않도록 멀어도
가자 이 새벽이 끝나는 곳
수없이 잃었던
춥고 모진 날 사이로
조용히 잊혀진
네 이름을 알아
멈추지 않을게
몇 번 이라도 외칠게
믿을 수 없도록 멀어도
가자 이 새벽이 끝나는 곳으로
",Palette,2017. 4. 21.,정규 4집 Palette
49,미운 오리,https://youtu.be/NRp7WTGNpIU,606469,"저기 멀리 어두운 하늘 보다가
엄마 별이 사는 그곳은 어딜까
외로운 밤 나를 보고있을까
작은 날개짓으로 날 수가 없는 미운오리 같은 나지만
그래 나의 노래가 저 하늘에 닿을 때
그땐 꼭 만날 수 있겠지
저기 멀리 구름계단 오르면
아빠 별이 나를 웃으며 반길까 혼자인 날 기다리고 계실까
작은 날개짓으로 날 수가 없는 미운오리 같은 나지만
그래 나의 노래가 저 하늘에 닿을 때
그땐 꼭 만날 수 있겠지
한숨이 흘러도 가슴이 슬퍼도 그래도 울지 않아
언젠가 또 다시 쉴 곳을 찾을 걸 알아 ah oh
작은 날개짓으로 날 수가 없는 미운오리 같은 나지만
그래 나의 노래가 끝날 때 쯤엔 그땐 꼭 만날 수 있겠지
하나 둘 셋 하얀 양을 세다가
나도 몰래 눈물이 흘러 내려와
",Lost And Found,2008. 9. 23.,미니 1집 Lost And Found
50,미아,https://youtu.be/0ZukHxqOA0o,432536,"우리 둘 담아 준 사진을 태워
하나 둘 모아 둔 기억을 지워
그만 일어나 가야 하는 걸
너무 잘 알고 있는데
왜 난 주저 앉고 마는지
쏟아지는 빗물은
날 한 치 앞도 못 보게 해
몰아치는 바람은
단 한 걸음도 못 가게 해 oh
벼랑 끝에 서 있는 듯이
난 무서워 떨고 있지만
작은 두 손을 모은
내 기도는 하나 뿐이야 oh 돌아와
Eh oh eh oh eh eh oh eh oh
Eh oh eh oh eh eh oh
이제는 눈물도 나오지 않아
울먹일 힘마저 없는 것 같아
우리 이별이 꿈이 아닌 걸
너무 잘 알고 있는데
왜 난 깨어나길 비는 지
쏟아지는 빗물은
날 한 치 앞도 못 보게 해
몰아치는 바람은
단 한 걸음도 못 가게 해 oh
벼랑 끝에 서 있는 듯이
난 무서워 떨고 있지만
작은 두 손을 모은
내 기도는 하나 뿐이야 oh
아픈 내 가슴도 깊은 상처들도
나쁜 널 미워하는데
사진을 태우고 기억을 지워도
널 잊을 수 없나 봐 사랑해
쏟아지는 빗물은
날 한 치 앞도 못 보게 해
몰아치는 바람은
단 한 걸음도 못 가게 해 oh
벼랑 끝에 서 있는 듯이
난 무서워 떨고 있지만
작은 두 손을 모은
내 기도는 하나 뿐이야 oh
돌아와 oh 돌아와 oh
",Lost And Found,2008. 9. 23.,미니 1집 Lost And Found
51,있잖아,https://youtu.be/7WINyXmPRAE,4211875,"Yeah  this song is my love story haha
첫 눈에 반한다는 말 절대로 믿지 않던 난
내 앞에 너 나타난 순간 뺏겨버린 맘 멈춰버린 시간
지난 밤에 꿈에서 만난 오랫동안 찾아 헤맨 나의 천사
너무나도 가슴 떨려 말 한 마디 못 해 난 어떡해
있잖아 왠지 두근두근 가슴이 떨려 몰라
있잖아 괜히 나를 보는 눈빛이 너무 좋아
내게 다가 와 (L-U-V) 부끄럽지만
(A to Z) 알고 싶어
난 숨겨 둔 너의 맘
Oh (come on  Mario) 나를 원하니 (yeah!) 가지고 싶니 (yeah!)
나의 모든 게 전부 네 것이길 바라니 (yeah!)
사랑한단 한 마디만 솔직히 말해 봐
Oh oh
이별에 혼자 훌쩍 훌쩍 우는 건 싫어 정말
사랑에 너와 생글 생글 웃고만 싶어 항상
(Baby one two three) 두 손을 꼽아 (L-U-V) 세어보지만
(A to Z) 그 무엇보다 네가 제일 좋아 oh
나를 원하니 (yeah!) 가지고 싶니 (yeah!)
나의 모든 게 전부 네 것이길 바라니 (yeah!)
사랑한단 한 마디만 솔직히 말해 봐
I believe you 'cause I'm in love with you
이런 느낌은 처음이니까 oh
용기내서 말하려 네 앞에 서기만 하면 난 바보가 되고
인사하고 돌아서는 뒷 모습을 보며 또 한숨만 쉬고
누구보다도 무엇보다도 난 너 하나만 있어주면 된다고
다른 것들은 다 필요없다고 그래 나 너만 원한다고 (ay)
나 혼자만 널 원하고 있는 것은 아닐까 혹시나 하는 맘에
불안한 맘에 가슴 속에 담아두는 사랑한다는 말
나를 원하니 (yeah!) 가지고 싶니 (yeah!)
나의 모든 게 전부 네 것이길 바라니 (yeah!)
사랑한단 한 마디만 솔직히 말해 봐 (come on  Mario)
나를 원하니 (yeah!) 가지고 싶니 (yeah!)
나의 모든 게 전부 네 것이길 바라니 (yeah!)
사랑한단 한 마디만 솔직히 말해 봐 (OK)
부드러운 내 입술이 네 볼에 닿을 때
나만 사랑한단 말만 속삭여 줘 darling
",Lost And Found,2008. 9. 23.,미니 1집 Lost And Found
52,Feel So Good,https://youtu.be/r4QggCJ-0eA,232364,"아침에 눈을 뜨면 다가오는 햇살
햇살에 눈 비비고 일어나고
일어나 남은 잠을 깨워보는 shower time
누군가 청소를 한 깨끗해진 거리
거리에 울리는 내 걸음 소리
Feel so good  feel so good all my life
얼굴은 웃음으로 가득 채워 그리고
마음은 사랑으로 가득 채워 그래서
걱정은 마음 속에 담지 말고 그래도 그래도 가끔
눈물이 흐를 때는 울어 버려 그리고
또 다시 아플 때는 웃어 버려
그래서 언제나 행복한 나
하루에 열 두번은 지어보는 미소
미소에 모두 나를 반겨주고
반기는 사람들과 인사하는 every time
어둔 밤 골목길을 지켜주는 달빛
달빛에 춤을 추는 강아지도
Feel so good  feel so good all my life
얼굴은 웃음으로 가득 채워 그리고
마음은 사랑으로 가득 채워 그래서
걱정은 마음 속에 담지 말고 그래도 그래도 가끔
눈물이 흐를 때는 울어 버려 그리고
또 다시 아플 때는 웃어 버려
그래서 언제나 행복한 나
한 걸음 두 걸음 천천히 뛰지 말고
자꾸 자꾸 서두르지 말고
하루 하루 거르지 않고 사랑해 소릴 키우고
그때 그때 오해 다 지우고 서로 서로 아껴준다면
모두 다 기쁜 기분 feel so good
얼굴은 웃음으로 가득 채워 그리고
마음은 사랑으로 가득 채워 그래서
걱정은 마음 속에 담지 말고 그래도 그래도 가끔
눈물이 흐를 때는 울어 버려 그리고
또 다시 아플 때는 웃어 버려
그래서 언제나 행복한 나
웃어 봐 웃어 봐 기분이 좋아
",Lost And Found,2008. 9. 23.,미니 1집 Lost And Found
53,Every Sweet Day,https://youtu.be/k0DZW3VlySI,317377,"Hey boy what you gonna do for me honey
내 방 안에 내 손 끝에 닿는 곳에
하나 둘씩 늘어가는 나보다 큰 선물들
조심스레 만지고
새 하얀 이불에 살며시 숨어서 편지를 쓰고
오랜만에 써내려 간 편지 한 장
내 맘 모두 적어보고 수줍은 끝 인사로
사랑한단 글씨에
아무도 모르게 키스를 담아요
Everyday like a sweet day
Find the day Oh the fine day
눈 뜨면 보고 싶고 만나면 안고 싶고
나도 몰래 어느새 사랑에 빠져 버렸죠
Love you forever 그 어떤 것보다 더
소중한 그댄 내 선물
내게 사준 곰인형을 품에 안고
그대 이름 불러보고 한참을 웃음질 때
머리 맡에 놓아둔 하늘에
흰 구름 모양의 전화가 소리내 울고
그대 만을 반겨주는 내 전화기
내 두 볼에 멀어질 때 다정한 끝 인사로
사랑한단 그 말에
그대를 따라서 사랑을 말해요
Everyday like a sweet day
Find the day Oh the fine day
눈 뜨면 보고 싶고 만나면 안고 싶고
나도 몰래 어느새 사랑에 빠져 버렸죠
Love you forever 그 어떤 것보다
더 소중한 그댄 내 선물
매일 매일 (매일 매일) 내가 잠들기 전에
내 꿈에 먼저 온 그대 모습
날 기다린 그 기나긴 그 시간만큼
그보다 더 그댈 사랑해요
Everyday like a sweet day
Find the day Oh the fine day
날 보면 웃어주는 웃으면 설레이는 이 시간이
영원히 끝나지 않길 바래요
Love you forever 내 마음 속에는
언제나 그대 하나 뿐
Everyday like a sweet day
Find the day Oh the fine day
눈 뜨면 보고 싶고 만나면 안고 싶고
나도 몰래 어느새 사랑에 빠져 버렸죠
Love you forever 그 어떤 것보다
더 소중한 그댄 내 선물
Everyday like a sweet day
",Lost And Found,2008. 9. 23.,미니 1집 Lost And Found
54,Love attack,https://youtu.be/88jJg5KTg5g,257948,"다가와 줄래 날 안아 줄래
소원은 하나 뿐이야
Be my love
IU  IU IU IU say me
Digi digi digi digi digi digi
Digi digi digi digi digi jum jum  IU
Love attack
오늘은 왜 이렇게 전화를 안할까 (why)
겁쟁이 같이 겁이 많니
아님 내 생각이 나지 않니
(늦은밤 울렸던 너의 벨소리가)
들리지 않아
잠도 들지 못하고 자꾸 불안해
(내 맘을 들켜 버린걸까)
알면 누가 내게 말해줘
답답해 궁금해 미치겠어
Be my love 빨리 빨리 전화해
Be my love 내가 보고 싶을때 (love attack)
기다리게 하다 삐치면 어떡할라고
Be my love 망설이지 말고 전화해 yeah
Tag tag tag tag love attack tag tag
Tag tag tag tag love attack tag tag
한 주에 한번은 꼭 약속을 정하지 (why)
만나면 관심없는 척해
통화 할땐 너무 착한척 해
(이랬다 저랬다 너의 줄다리기)
관심이 없어
어지러워 헷갈려 자꾸 멍해져
(알면서 빠져 버린걸까)
알면 누가 내게 말해줘
답답해 궁금해 미치겠어
Be my love 빨리 빨리 전화해
Be my love 내가 보고 싶을 때 (love attack)
기다리게 하다 삐치면 어떡할라고
Be my love 망설이지 말고 전화해 ya
Tag tag tag tag love attack tag tag
Tag tag tag tag love attack tag tag
Oh love attack  oh love love attack
Oh love attack  oh love love attack
나난나나나 나난나나나 나난나나나 나 (now ah)
나난나나나 나난나나나
나난나나나 (say me)
나나나나나나나 (say me)
이젠 너의 마음 전부 알고 싶어
이젠 너의 사랑 너무 갖고 싶어
정말로 간절하게 정말로 부탁할게
Ring my bell
Be my love 빨리 빨리 전화해
Be my love 내가 보고 싶을 때 (love attack)
기다리게 하다 삐치면 어떡할라고
Be my love 망설이지 말고 전화해 ya
Be my love 빨리 빨리 전화해
Be my love 내가 보고 싶을 때 (love attack)
기다리게 하다 삐치면 어떡할라고
Be my love 망설이지 말고 전화해 (love)
Tag tag tag tag love attack tag tag
Tag tag tag tag love attack tag tag
Tag tag tag tag love attack tag tag
Tag tag tag tag love attack tag tag
",IU...IM,2009. 11. 12.,미니 2집 IU...IM
55,기차를 타고,https://youtu.be/VD4Afvg_Tbs,175210,"어디로 가는지 어디에서 멈출지
모르고 기차를 탔어
이별이 아파서 버릴 곳을 찾아서
무작정 기차를 탔어
창가에 비치는 눈물 모두 닦아낸후에
다시 다 돌아올거야
하나 둘 셋하고 고개를 돌렸을때
우리 사랑을 했던 기억 다 사라지기를
더 울기도 싫어 그만 그치고싶어 그러니까 나 이제는 널 잊을래 기차를 타고
바람에 날리는 사진 사진속에 너와 나
왠지 슬프게만 보여
하나 둘 셋하고 고개를 돌렸을때
우리 사랑을 했던 기억 다 사라지기를
더 울기도 싫어 그만 그치고싶어
그러니까 나 이제는 널 잊을래 기차를 타고
아무도 모르는 나만이 아는 아픈 이별여행
널 사랑한만큼 사랑했던 그만큼
미워해야하는 일 정말 힘이 들겠지만
더 울기도 싫어 그만 그치고싶어
그러니까 나 이제는 널 잊을래
새하얗게 널 지울래 기차를 타고
",IU...IM,2009. 11. 12.,미니 2집 IU...IM
56,마쉬멜로우,https://www.youtube.com/watch?v=slT80EySpKk,4446191,"말랑말랑 말랑말랑해
넌 특별해 완벽해 비교 분석 해봐도
다른 애들과는 다르지 (달라 달라 boy)
난 한심해 부족해 너에게서 떨어져
바라보기만 하는 바보지
내가 왜 이럴까 너만 생각하다
라랄라라 랄라 날아 올라
바로 그때 어떡해 뚜벅 뚜벅 네가 걸어와
Blah  blah 얘기를 하지
무슨 말을 해도 들리지가 않아
째깍 째깍 시간이 stop
마쉬멜로우 마쉬멜로우
달콤해서 너무 좋아
마쉬멜로우 마쉬멜로우
사랑이란 이런 걸까
말랑 말랑 말랑해 쿠키처럼 촉촉해
Girl  girl  baby girl  clap  clap and let it go
젤리처럼 통통해 쿠키처럼 촉촉해
Boy  boy  baby boy  boy 마쉬멜로우
난 소심해 고민해 너를 떠올릴 때면
얼굴이 새빨개지는 아이인 걸
내가 왜 이럴까 너만 상상하다
라랄라라 랄라 날아 올라
바로 그때 어떡해 두근 두근 네가 다가와 (Say what)
사귀자고 대쉬를 하지 (어떡해 어떡해)
너의 목소리만 듣고 싶어 정말
가만 가만 모두 다 쉿
마쉬멜로우 마쉬멜로우
달콤해서 너무 좋아
마쉬멜로우 마쉬멜로우
사랑이란 이런 걸까
말랑 말랑 말랑해 너무 너무나 말랑해
Girl  girl  baby girl  clap  clap and let it go
젤리처럼 통통해 쿠키처럼 촉촉해
Boy  boy  baby boy  boy
꿈을 꿨나봐 눈을 뜨니까
거짓말처럼 다 사라져
널 만날 거야 다시 잘 거야 몰라
마쉬멜로우 마쉬멜로우
달콤해서 너무 좋아
마쉬멜로우 마쉬멜로우
사랑이란 이런 걸까
말랑 말랑 말랑해 너무 너무나 말랑해
Girl  girl  baby girl  clap  clap and let it go
젤리처럼 통통해 쿠키처럼 촉촉해
Boy  boy  baby boy  boy 마쉬멜로우
",IU...IM,2009. 11. 12.,미니 2집 IU...IM
57,아침 눈물,https://youtu.be/x5JBGMawty4,79450,"일어나 아침 내 눈물아 눈을 떠 서둘러 오늘도 울어야지
언제나 나보다 눈물이 잠이 많아서 부지런하게 깨워야 일어나니까
하루 열 두번을 더 울어도 아이 같이 투정부려도
내 머리를 만지며 달래던 너는 돌아오지 않겠지만
오늘도 내일 그 다음 날도 너 때문에 많이 아파도
미안해 하지마 괜찮아 아직 너를 사랑하니까
어느 날 네가 떠나던 날 그 날도 지금도 주르륵 비가 내 려
이제 난 더 이상 웃을 수 없게 되었어 웃으려 해도 빗물 이 입을 가려서
하루 열 두번을 더 울어도 아이 같이 투정부려도
내 머리를 만지며 달래던 너는 돌아오지 않겠지만
오늘도 내일 그 다음 날도 너 때문에 많이 아파도
미안해 하지마 괜찮아 아직 너를 사랑하니까
그래 조금만 더 기다릴래 그 때까지 잊지 않을래
보고파질 때면 눈 감아 기억속의 너를 만나면 돼
우리 헤어진 걸 다 아는데 나 혼자서 모른척 할래
이별을 믿으면 그 때는 정말 이별하는거니까
",IU...IM,2009. 11. 12.,미니 2집 IU...IM
58,두근 두근 데이트,https://youtu.be/WrtiVElyYLY,40146,"잠이 들다 깨다가 그래서
너무 설레는 마음에
이른 아침부터 어질어질 해
벌써 아직 머리가 띵해
이러다가 늦으면 어쩌나
고민하다 서둘러 가
나만을 기다리는 너에게
랄라라라 My first day
달콤한 My first day 기대해
Oh oh U N I Oh oh
랄라라라 My first love
상큼한 My first love 시작해
Oh oh U N I Oh oh
괜히 높은 구두를 신었어
왠지 조금은 어색해
짧은 치마까지 몰래 입고 나왔어
잘 보이고 싶어서
어제부터 아무것도 안먹어
오늘따라 날씬한 나
언제나 이쁜 척은 힘들어
랄라라라 My first day
달콤한 My first day 기대해
Oh oh U N I Oh oh
랄라라라 My first love
상큼한 My first love 시작해
Oh oh U N I Oh oh
어느새 나 벌써 다 온것 같아
어제 약속한 바로 그 곳에
저기 멀리 나에게 웃고있는 너에게
한 걸음에 달려 갈거야
랄라라라 My first day
달콤한 My first day 기대해
Oh oh U N I Oh oh
랄라라라 My first love
상큼한 My first love 시작해
Oh oh U N I Oh oh
랄라라라 My first day
달콤한 My first day 기대해
Oh oh U N I Oh oh
랄라라라 My first love
상큼한 My first love 시작해
Oh oh U N I Oh oh",IU...IM,2009. 11. 12.,미니 2집 IU...IM
59,기차를 타고,https://youtu.be/scCZiiPRBZM,147981,"어디로 가는지 어디에서 멈출지
모르고 기차를 탔어
이별이 아파서 버릴 곳을 찾아서
무작정 기차를 탔어
창가에 비치는 눈물 모두 닦아낸후에
다시 다 돌아올거야
하나 둘 셋하고 고개를 돌렸을때
우리 사랑을 했던 기억 다 사라지기를
더 울기도 싫어 그만 그치고싶어 그러니까 나 이제는 널 잊을래 기차를 타고
바람에 날리는 사진 사진속에 너와 나
왠지 슬프게만 보여
하나 둘 셋하고 고개를 돌렸을때
우리 사랑을 했던 기억 다 사라지기를
더 울기도 싫어 그만 그치고싶어
그러니까 나 이제는 널 잊을래 기차를 타고
아무도 모르는 나만이 아는 아픈 이별여행
널 사랑한만큼 사랑했던 그만큼
미워해야하는 일 정말 힘이 들겠지만
더 울기도 싫어 그만 그치고싶어
그러니까 나 이제는 널 잊을래
새하얗게 널 지울래 기차를 타고
",IU...IM,2009. 11. 12.,미니 2집 IU...IM
60,이게 아닌데,https://youtu.be/TDeaeEAW7go,383512,"전부 말할래 나 다 말할래 나
어떻게 너 그랬냐고
참지 않을래 나 안 버틸래 나
우는 내 얼굴 안 예뻐도
뻔히 알면서 왜 물어봐
잘 지내냔 그런 말이 다 뭐야
내가 어떤 사랑했었는지
너는 다 알고 있잖아
이게 아닌데 왜 또 입술은 왜
실없는 농담만 하고 웃고 있는지
나빠질 건 더 없는데
뭐가 무서워 거짓말하는지
그나마 너를 보는 게 좋은 건지
뭐든 해볼래 나 안 가릴래 나
어떻게든 잡아볼래
미안해서라도 너 돌아오게
지겹게 울고 애원할래
괜히 안부 따윈 묻지마
어리다고 바본 아닌 거잖아
사실은 다 너만 편하려고
걱정하는 척 하잖아
이게 아닌데 왜 또 입술은 왜
실없는 농담만 하고 웃고 있는지
나빠질 건 더 없는데
뭐가 무서워 거짓말하는지
그나마 너를 보는 게 좋은 건지
이게 다 뭐야 진실이 뭐야
내가 정말 원한 게 뭐야
끝까지 왜 난 너에게 맞출 수 밖엔 없는 거야
이건 아닌데 정말 아닌 건데
이대로 끝날 사이는 아닌 거잖아
나를 좀 봐 나 울잖아
내가 울면은 맘 약해졌잖아
내가 이렇게 솔직히 말하잖아
내가 아프잖아
이건 아니잖아
",Real,2010. 12. 9.,미니 3집 Real
61,느리게 하는 일,https://youtu.be/QvAUzX_k4lA,933883,"느리게 느리게 느리게 그대를 잊으려 해요
빠르게 빠르게 가는 시간보다 더 천천히 잊으려 해요
그대가 알면 알게 된다면 서운할지 몰라서
느릿느릿하게 잊는 버릇 들여가죠
조금만 더 사랑할게요 조금만 더 기억할게요
바닥에 흘린 이 눈물이 마를 때까지만
오늘만 더 견뎌볼게요 오늘만 더 기다릴게요
내 생각나고 그러면 언제든지 보러 와줘요
싫은데 싫은데 싫은데 거짓말 하게 되네요
그래서 그래서 우리 헤어진 일을 아무도 모르고 있죠
그대가 알면 알게 된다면 뭐라 할지 몰라서
그댈 물어보면 잘 지낸다 대답하죠
조금만 더 사랑할게요 조금만 더 기억할게요
바닥에 흘린 이 눈물이 마를 때까지만
오늘만 더 견뎌볼게요 오늘만 더 기다릴게요
내 생각나고 그러면 언제든지 보러 와줘요
가끔은 그대가 미워요
문득 혼자라고 느껴질 때
별거 아닌 일에 울고말 때 그럴 때
그래도 난 사랑할래요
그래도 난 기억할래요
이별이 남긴 이 아픔이 멈출 때까지 난
며칠만 더 견뎌볼래요 며칠만 더 기다릴래요
언젠가는 돌아와 잘못했다 하고 미안하다 하고
다시 시작하자 할까봐
",Real,2010. 12. 9.,미니 3집 Real
62,좋은 날,https://youtu.be/jeqdYqsrsA0,43436964,"어쩜 이렇게 하늘은 더 파란 건지
오늘따라 왜 바람은 또 완벽한지
그냥 모르는 척 하나 못들은 척
지워버린 척 딴 얘길 시작할까
아무 말 못하게 입맞출까
눈물이 차올라서 고갤 들어
흐르지 못하게 또 살짝 웃어
내게 왜 이러는지 무슨 말을 하는지
오늘 했던 모든 말 저 하늘 위로
한번도 못했던 말 울면서 할 줄은 나 몰랐던 말
나는요 오빠가 좋은걸 어떡해
새로 바뀐 내 머리가 별로였는지
입고 나왔던 옷이 실수였던 건지
아직 모르는 척 기억 안 나는 척
아무 일없던 것처럼 굴어볼까
그냥 나가자고 얘기할까
눈물이 차올라서 고갤 들어
흐르지 못하게 또 살짝 웃어
내게 왜 이러는지 무슨 말을 하는지
오늘 했던 모든 말 저 하늘 위로
한번도 못했던 말 울면서 할 줄은 나 몰랐던 말
나는요 오빠가 좋은걸 (휴) 어떡해
이런 나를 보고 그런 슬픈 말은 하지 말아요
철없는 건지 조금 둔한 건지 믿을 수가 없는걸요
눈물은 나오는데 활짝 웃어
네 앞을 막고서 막 크게 웃어
내가 왜 이러는지 부끄럼도 없는지
자존심은 곱게 접어 하늘위로
한 번도 못했던 말 어쩌면 다신 못할 바로 그 말
나는요 오빠가 좋은걸 (아이쿠  하나 둘)
I'm in my dream
It's too beautiful  beautiful day
Make it a good day
Just don't make me cry
이렇게 좋은 날
",Real,2010. 12. 9.,미니 3집 Real
63,첫 이별 그날 밤,https://youtu.be/_NKkbDLaFFQ,2170367,"멍하니 아무 일도 할 일이 없어
이게 이별인 거니
전화기 가득 찬 너와의 메시지만
한참 읽다 읽다
너의 목소리 마치 들린 것 같아
주위를 둘러보면
내 방엔 온통 너와의 추억투성이
이제야 눈물이
수고했어 사랑 고생했지 나의 사랑
우리 이별을 고민했던 밤
서로를 위한 이별이라고 사랑했단
너의 말을 믿을게
혹시 너무 궁금해 혹시 너무 그리우면
꼭 한 번만 보기로 해
너의 뒷모습 사라질 때까지 봤어
마지막이라서
나 먼저 떠나면 어깨 들썩여
우는 내 뒷모습 싫어서
수고했어 사랑 고생했지 나의 사랑
우리 이별을 고민했던 밤
서로를 위한 이별이라고 사랑했단
너의 말을 믿을게
혹시 너무 궁금해 혹시 너무 그리우면
꼭 한 번만 보기로 해
좀더 예뻐져도 훨씬 더 세련돼져도
후회하지 마 나를 놓친걸
누군가 딴 사람 만나면
내게 들리도록 막 자랑해줘
그때서야 끝낼게 내게 돌아올지 모를
너를 꿈꾸는 그 밤을
할말 끝 안녕 내 사랑
",Real,2010. 12. 9.,미니 3집 Real
64,혼자 있는 방,https://youtu.be/kMYfpFDkDPg,449190,"때 지난 이 빗소리가
귓가에 주르륵 주르륵 들려와
눈물이 비가 좋은지
따라서 스르륵 스르륵 흘러가
헤어진 이후 기다리는 이유
아직도 나는 잘 모르겠어
네가 날 떠나 안 올까 봐 겁나
두 팔로 내가 나를 안고 있나 봐
혼자 있는 방 아무도 아무 것도 안 보여 (안 보여) 너무 어두워
혼자 우는 밤 하늘의 별도 달도 슬퍼 잠이 들어 (점점 흐릿해져)
네 얼굴이 떠올라 내내 기다리다 또 눈물이 나
보고 싶다고 혼잣말 하던 메마른 내 입술에 너의 숨결이 닿기를
조용히 소리도 없이
날마다 자꾸만 잠든 날 흔들지
조금씩 좀 더 가까이
누군가 다가와 눈 뜬 날 부르지
내 앞에 있는 (서 있는) 바로 앞에 있는
너에게 손을 뻗어 내밀면
그 손 틈새로 (틈새로) 빠져나간 채로
잘 자란 말도 없이 사라져만 가
혼자 있는 방 아무도 아무 것도 안 보여 너무 어두워 (너무 어두워)
혼자 우는 밤 하늘의 별도 달도 슬퍼 잠이 들어 (점점 흐릿해져)
네 얼굴이 떠올라 내내 기다리다 또 눈물이 나
보고 싶다고 혼잣말 하던 메마른 내 입술에 숨결이 닿기를
기나긴 시간이 지난 일 (지난 일)
매일 한 가지만 기도해 (기도해)
지금까지 보다 더 늦기 전에
이젠 내게 돌아와 빌고 또 빌잖아
혼자 있는 방 아무도 아무 것도 안 보여 (안 보여) 너무 어두워
혼자 우는 밤 (내 눈물에) 하늘의 별도 달도
슬퍼 잠이 들어 (점점 흐릿해 져)
네 얼굴이 떠올라 내내 기다리다 또 눈물이 나
보고 싶다고 혼잣말 하던 메마른 내 입술에 너의 숨결이 닿기를
",Real,2010. 12. 9.,미니 3집 Real
65,미리 메리 크리스마스,https://youtu.be/1UlmYrdctYc,2243638,"하얀 눈이 내려올 때면
온 세상이 물들을 때면
눈꽃이 피어나 또 빛이 나
눈이 부신 너처럼
Yeah girl  you should know that
That my heartbeats like
Huh huh huh huh
From the bottom of my heart
I thank God I found you
쿵쿵 가슴이
왜 이렇게 가쁘니 yeah
꾹꾹 참아도 자꾸 네 생각이 나잖아 oh
You you I love you and
I know you love me  too
네가 내게 불러 준 you're my boo
You 아직 꿈만 같아
And you 마치 선물 같아
For you 네 품에 안겨도
늘 불안불안 해 꿈처럼 깰까봐
You 꼭 안아 줘야만 해
And you 아껴 줘야만 해
For you 큰 맘 먹고
네꺼 되준 걸 하늘에게 감사해
하얀 눈이 내려올 때면
온 세상이 물들을 때면
눈꽃이 피어나 또 빛이 나
눈이 부신 너처럼
사랑할 수 밖에 없어서
사랑한 네 손 잡고서
첫 눈 위를 걸어 발자국을 새겨
이 길 끝까지 걸어 갈거야 with you
You 혹시 알고 있니
And you 느낄 수가 있니
For you 늘 자랑하고픈
네 여자친구가 되고만 싶은 걸
You 전부 다 주고 싶어
And you 잘 해주고 싶어
For you 다음 그 다음 해
겨울도 너의 곁에 있을게
하얀 눈이 내려올 때면
온 세상이 물들을 때면
눈꽃이 피어나 또 빛이 나
눈이 부신 너처럼
사랑할 수 밖에 없어서
사랑한 네 손 잡고서
첫 눈 위를 걸어 발자국을 새겨
이 길 끝까지 걸어 갈거야 with you
매일 매일 너 때문에 행복해 (행복해)
다른 누구 아닌 나를
모두 가질 너만이 my love
나도 믿기지 않아
지금 네가 내 옆에
이렇게 손 꼭 잡은 채 걷는다는게
하얀 눈보다 더 뽀얀
네 볼에 키스해줄게 baby
빨갛게 물들게 baby
다가오는 크리스마스에는
기다리는 그 날만큼은
네 곁에 있을래
하루 종일 미리 미리 약속해
사랑할 수 밖에 없어서
사랑한 네 손 잡고서
첫 눈 위를 걸어 발자국을 새겨
이 길 끝까지 걸어 갈거야 with you
Girl you know
I can't even think without you in my life
Yeah yeah I know that you know that's my baby
",Real,2010. 12. 9.,미니 3집 Real
66,새 신발,https://youtu.be/0NoCWRsS_f0,2269309,"안녕 오래 기다렸니
지루했지 I run and I run and I run and I run
나 지금 기분이 딱 완벽해
나를 시무룩하게 만들 생각은 마
에나멜 플랫 슈즈 위 따다닥
빨간 뾰족구두를 신고 또각
키가 큰 거울 앞에 다가가
한 바퀴 사뿐히 빙그르르
아직 춤춰요 Mr.분홍신
앞코를 부딪혀 like 도로시
발에 꼭 맞는 새 신을 신고
너에게 갈 준비됐어
설레 아이쿠 내 맘속에 작은 소용돌이
살랑 달큰한 바람은 나를 들뜨게
높은 계단 좁은 골목 난 어디든 가
내 마음에 꼭 맞는 새 신발을 신고
오늘 컨디션은 어떠니
하루 종일 나랑 여기 거기 또 저기 갈 준비됐니
단단히 맘먹었지
혹시나 일찍 집에 들어갈 생각은 마
근사한 음악소리 빠라밤
심장은 리듬이 돼요 빠담
우리랑 같이 춤춰요 마담
한 바퀴 사뿐히 빙그르르
들뜬 기분으로 아니마토
여기선 좀 더 빨리 가볼까 알레그로
특별히 신경 써서 아첸토
코러스부터 다시 한 번
설레 아이쿠 내 맘속에 작은 소용돌이
살랑 달큰한 바람은 나를 들뜨게
높은 계단 좁은 골목 난 어디든 가
내 마음에 꼭 맞는 새 신을 신고
얼마나 좋니 파란 하늘 아래서
사랑하기 완벽한 날이지
왼손을 꼭 잡아줘 지금부터는 달릴 거야
설레 아이쿠 내 맘속에 하얀 바람개비
싱그르 웃는 손톱달이 뜰 때까지
높은 계단 좁은 골목 난 어디든 가
한 걸음 또 한 걸음 온 세상을 걷자
설레 아이쿠 내 맘속에 작은 소용돌이
살랑 달큰한 바람은 나를 들뜨게
높은 계단 좁은 골목 난 어디든 가
내 마음에 꼭 맞는 새 신발을 신고
",CHAT-SHIRE,2015. 10. 23.,미니 4집 CHAT-SHIRE
67,Zezé,https://youtu.be/zfRs5hJuh98,6604027,"흥미로운 듯  씩 올라가는 입꼬리 좀 봐
그 웃음만 봐도 알아 분명히 너는 짓궂어
아아  이름이 아주 예쁘구나 계속 부르고 싶어
말하지 못하는 나쁜 상상이 사랑스러워
조그만 손가락으로 소리를 만지네
간지러운 그 목소리로 색과 풍경을 노래 부르네 yeah
제제  어서 나무에 올라와 잎사귀에 입을 맞춰
장난치면 못써 나무를 아프게 하면 못써 못써
제제  어서 나무에 올라와 여기서 제일 어린잎을 가져가
하나뿐인 꽃을 꺾어가
Climb up me
Climb up me
꽃을 피운 듯  발그레해진 저 두 뺨을 봐
넌 아주 순진해 그러나 분명 교활하지
어린아이처럼 투명한 듯해도 어딘가는 더러워
그 안에 무엇이 살고 있는지  알 길이 없어
당장에 머리 위엔 햇살을 띄우지만
어렴풋이 보이는 너의 속은 먹구름과 닿아있네 oh
제제  어서 나무에 올라와 잎사귀에 입을 맞춰
장난치면 못써 나무를 아프게 하면 못써 못써
제제  어서 나무에 올라와 여기서 제일 어린잎을 가져가
하나뿐인 꽃을 꺾어가
Climb up me
Climb up me
한 번 더 닿고 싶어 여기서 매일 너를 기다려
전부 가지러 오렴
다시 부르고 싶어 여기서 매일 너를 기다려
얄밉게 돌아가도 내일 밤에 또 보러 올 거지
제제  어서 나무에 올라와 잎사귀에 입을 맞춰
장난치면 못써 나무를 아프게 하면 못써 못써
제제  어서 나무에 올라와 여기서 제일 어린잎을 가져가
하나뿐인 꽃을 꺾어가
Climb up me
Climb up me
",CHAT-SHIRE,2015. 10. 23.,미니 4집 CHAT-SHIRE
68,스물셋,https://youtu.be/42Gtm4-Ax2U,84411435,"I'm 23 난 수수께끼 (question)
뭐게요 맞혀봐요
I'm 23 틀리지 말기 because
난 몹시 예민해요 맞혀봐
한 떨기 스물셋 좀 아가씨 태가 나네
다 큰 척해도 적당히 믿어줘요
얄미운 스물셋 아직 한참 멀었다 얘
덜 자란 척해도 대충 속아줘요
난  그래 확실히 지금이 좋아요
아냐  아냐 사실은 때려 치고 싶어요
아 알겠어요 나는 사랑이 하고 싶어
아니 돈이나 많이 벌래 맞혀봐
어느 쪽이게? 얼굴만 보면 몰라
속마음과 다른 표정을 짓는 일 아주 간단하거든
어느 쪽이게? 사실은 나도 몰라
애초에 나는 단 한 줄의 거짓말도 쓴 적이 없거든
여우인 척  하는 곰인 척
하는 여우 아니면 아예 다른 거
어느 쪽이게? 뭐든 한 쪽을 골라
색안경 안에 비춰지는 거 뭐 이제 익숙하거든
Check it out
겁나는 게 없어요 엉망으로 굴어도
사람들은 내게 매일 친절해요
인사하는 저 여자 모퉁이를 돌고도
아직 웃고 있을까 늘 불안해요
난  영원히 아이로 남고 싶어요
아니  아니 물기 있는 여자가 될래요
아 정했어요 난 죽은 듯이 살래요
아냐  다 뒤집어 볼래 맞혀봐
어느 쪽이게? 얼굴만 보면 몰라
속마음과 다른 표정을 짓는 일 아주 간단하거든
어느 쪽이게? 사실은 나도 몰라
애초에 나는 단 한 줄의 거짓말도 쓴 적이 없거든
여우인 척  하는 곰인 척
하는 여우 아니면 아예 다른 거
어느 쪽이게? 뭐든 한 쪽을 골라
색안경 안에 비춰지는 거 뭐 이제 익숙하거든
난 당신 맘에 들고 싶어요
아주 살짝만 얄밉게 해도 돼요?
난 당신 맘에 들고 싶어요
자기 머리 꼭대기 위에서 놀아도 돼요? 맞혀봐
어느 쪽이게? 얼굴만 보면 몰라
속마음과 다른 표정을 짓는 일 아주 간단하거든
어느 쪽이게? 사실은 나도 몰라
애초에 나는 단 한 줄의 거짓말도 쓴 적이 없거든
여우인 척  하는 곰인 척
하는 여우 아니면 아예 다른 거
어느 쪽이게? 뭐든 한 쪽을 골라
색안경 안에 비춰지는 거 뭐 이제 익숙하거든
",CHAT-SHIRE,2015. 10. 23.,미니 4집 CHAT-SHIRE
69,푸르던,https://youtu.be/m-V6Ec73dVA,5096646,"그날 알았지 이럴 줄  이렇게 될 줄
두고두고 생각날 거란 걸
바로 알았지
까만 하늘 귀뚜라미 울음소리
힘을 주어 잡고 있던 작은 손
너는 조용히 내려
나의 가물은 곳에 고이고
나는 한참을 서서
가만히 머금은 채로 그대로
나의 여름 가장 푸르던 그 밤 
그 밤
너의 기억은 어떨까
무슨 색일까
너의 눈에 비친 내 모습도
소중했을까
머리 위로 연구름이 지나가네
그 사이로 선바람이 흐르네
너는 조용히 내려
나의 가물은 곳에 고이고
나는 한참을 서서
가만히 머금은 채로 그대로
나의 여름 가장 푸르던
빗소리가 삼킨 사랑스런 대화
조그맣게 움을 트는 마음
그림처럼 묽게 번진 여름 안에
오롯이 또렷한 너
너는 조용히 내려
나의 가물은 곳에 고이고
나는 한참을 서서
가만히 머금은 채로 그대로
나의 여름 가장 푸르던 그 밤 
그 밤
그날 알았지 이럴 줄
",CHAT-SHIRE,2015. 10. 23.,미니 4집 CHAT-SHIRE
70,Red Queen,https://youtu.be/b3luWd_390o,1882522,"표정이 없는 그 여자
모두가 미워하는 그 여자
당신도 알지 그 여자

오 가엾어라 그 여자
모두가 무서워 해 그 여자
당신이 아는 그 여자

재밌는 얘기 하나 할까
(어쩌면 슬픈 얘길 지도)
믿거나 말거나 한 가벼운 얘기죠
(부디 비밀은 지켜줘요) 아 글쎄 말야
그 여자 있죠
무시무시한 그녀에게
푸른 날 하늘처럼 새파랗게
(웃던 때가 있었다네요)

남자는 물론 여자들도 사람이 아닌 것들까지
전부 반해 사랑에 빠질 만큼
그 웃음이 예뻤다나요
꼬까옷 입고 천진하게 재잘거리며
지금 핏기 없이 메마른 뺨엔 생기가 돌더래요
Oh Red Queen

웃음이 예쁜 그 여자
모두가 사랑하는 그 여자
당신도 알지 그 여자
모두가 사랑하는 그 여자 (you know)

아름다워라 그 여자
모두가 예뻐라 해 그 여자
당신이 아는 그 여자
모두가 사랑하는 그 여자

얘기를 이어 가 볼까요
(한 번 더 짚고 넘기자면)
이건 어디까지나 가벼운 얘기죠
(괜한 오해는 말아줘요)
그 여자 말야
아주 오래전 슬프게 우는 아무개의
서러운 등을 쓸어준 그 손이
(믿을 수 없이 따뜻하더래요)

애들은 물론 어른들도 생명이 없는 것들까지
전부 반해 사랑에 빠질 만큼
마음씨도 예뻤다나요
아무리 작고 초라한 걸 바라볼 때도
지금 총기 없이 우울한 눈은 반짝 빛나더래요
Oh Red Queen

표정이 없는 그 여자
모두가 미워하는 그 여자
당신도 알지 그 여자
모두가 미워하는 그 여자 (you know)

오 가엾어라 그 여자
모두가 무서워해 그 여자
당신이 아는 그 여자
모두가 미워하는 그 여자

그 여자의 붉은 머리
그보다 붉어 생채기 난 어디
눈에 가늘게 선 핏발이
누가 그 이유를 물어 주려나
저기 왜 화를 내나요
저기요 왜 악을 쓰나요
슬픈 그 여자의 붉은 머리
그 보다 더 더 더 더 더 더 붉은 어디

웃음이 예쁜 그 여자
모두가 예뻐라 해 그 여자
당신도 알지 그 여자
모두가 사랑하는 그 여자

오 가엾어라 그 여자
모두가 무서워해 그 여자
당신이 아는 그 여자

하고 보니 시시하군요
터무니없는 이야기죠
믿거나 말거나 한 실없는 얘기죠
그냥 모두 잊어버려요
",CHAT-SHIRE,2015. 10. 23.,미니 4집 CHAT-SHIRE
71,무릎,https://youtu.be/Frf9KdM6Whk,4422973,"모두 잠드는 밤에 혼자 우두커니 앉아
다지나 버린 오늘을 보내지 못하고서 깨어있어
누굴 기다리나 아직 할 일이 남아있었던가
그것도 아니면 돌아가고 싶은 그리운 자리를 떠올리나
무릎을 베고 누우면 나 아주 어릴적 그랬던 것처럼 머리칼을 넘겨줘요
그 좋은 손길에 까무룩 잠이 들어도 잠시만 그대로 두어요
깨우지 말아요 아주 깊은 잠을 잘 거예요
조용하던 두 눈울 다시 나에게 내리면
나 그때처럼 말갛게 웃어보일수 있을까
나 지친것 같아 이정도면 오래버틴것 같아
그대있는 곳에 돌아갈 수 있는 지름길이 있다면 좋겠어
무릎을 베고 누우면 나 아주 어릴적 그랬던 것처럼 머리칼을 넘겨줘요
그 좋은 손길에 까무룩 잠이 들어도 잠시만 그대로 두어요
깨우지말아요 아주깊은 잠을 잘거예요
스르르르르 스르르 깊은 잠을 잘 거예요
스르르르르 스르르 깊은 잠을
",CHAT-SHIRE,2015. 10. 23.,미니 4집 CHAT-SHIRE
72,안경,https://youtu.be/TIX6r1qubf0,1523448,"웃고 있는 그 표정 너머에
진심까지 꿰뚫어 볼 순 없어요
그저 따라서 웃으면 그만
누군가 힌트를 적어 놨어도
너무 작아서 읽을 수가 없어요
차근차근히 푸는 수밖에
그렇다 해도 안경을 쓰지는 않으려고요
하루 온종일 눈을 뜨면
당장 보이는 것만
보고 살기도 바쁜데
나는 지금도 충분히 피곤해
까만 속마음까지 보고 싶지 않아
나는 안 그래도 충분히 피곤해
더 작은 글씨까지 읽고 싶지 않아
공들여 감춰놓은 약점을
짓궂게 찾아내고 싶진 않아요
그저 적당히 속으면 그만
무지개 뒤편엔 뭐가 있는지
너무 멀어서 보이지가 않아요
대단한 걸 상상할 수밖에
그렇다 해도 안경을 쓰지는 않으려고요
속고 속이고 그러다 또 믿고
상상을 하고 실망하기도 바쁜데
나는 지금도 충분히 피곤해
누구의 흠까지 궁금하지 않아
나는 지금도 충분히 피곤해
좀 더 멀리까지 보고 싶지 않아
나는 지금도 충분히 피곤해
무거운 안경까지 쓰지 않을 거야
나는 안 그래도 충분히 피곤해
더 각진 안경까지 쓰지 않을 거야
",CHAT-SHIRE,2015. 10. 23.,미니 4집 CHAT-SHIRE
73,마음,https://youtu.be/2HQqcBUcWvs,1233818,"툭 웃음이 터지면 그건 너
쿵 내려앉으면은 그건 너
축 머금고 있다면 그건 너
둥 울림이 생긴다면 그건 너
그대를 보며
나는 더운 숨을 쉬어요
아픈 기분이 드는 건
그 때문이겠죠
나를 알아주지 않으셔도 돼요
찾아오지 않으셔도
다만 꺼지지 않는 작은 불빛이
여기 반짝 살아있어요
영영 살아있어요
눈을 떼지 못 해
하루종일 눈이 시려요
슬픈 기분이 드는 건
그 때문이겠죠
제게 대답하지 않으셔도 돼요
달래주지 않으셔도
다만 꺼지지 않는 작은 불빛이
여기 반짝 살아있어요
세상 모든 게 죽고 새로 태어나
다시 늙어갈 때에도
감히 이 마음만은 주름도 없이
여기 반짝 살아있어요
영영 살아있어요
영영 살아있어요
",CHAT-SHIRE,2015. 10. 23.,미니 4집 CHAT-SHIRE
74,Twenty three,https://youtu.be/42Gtm4-Ax2U,84411480,"I'm 23 난 수수께끼 (question)
뭐게요 맞혀봐요
I'm 23 틀리지 말기 because
난 몹시 예민해요 맞혀봐
한 떨기 스물셋 좀 아가씨 태가 나네
다 큰 척해도 적당히 믿어줘요
얄미운 스물셋 아직 한참 멀었다 얘
덜 자란 척해도 대충 속아줘요
난  그래 확실히 지금이 좋아요
아냐  아냐 사실은 때려 치고 싶어요
아 알겠어요 나는 사랑이 하고 싶어
아니 돈이나 많이 벌래 맞혀봐
어느 쪽이게? 얼굴만 보면 몰라
속마음과 다른 표정을 짓는 일 아주 간단하거든
어느 쪽이게? 사실은 나도 몰라
애초에 나는 단 한 줄의 거짓말도 쓴 적이 없거든
여우인 척  하는 곰인 척
하는 여우 아니면 아예 다른 거
어느 쪽이게? 뭐든 한 쪽을 골라
색안경 안에 비춰지는 거 뭐 이제 익숙하거든
Check it out
겁나는 게 없어요 엉망으로 굴어도
사람들은 내게 매일 친절해요
인사하는 저 여자 모퉁이를 돌고도
아직 웃고 있을까 늘 불안해요
난  영원히 아이로 남고 싶어요
아니  아니 물기 있는 여자가 될래요
아 정했어요 난 죽은 듯이 살래요
아냐  다 뒤집어 볼래 맞혀봐
어느 쪽이게? 얼굴만 보면 몰라
속마음과 다른 표정을 짓는 일 아주 간단하거든
어느 쪽이게? 사실은 나도 몰라
애초에 나는 단 한 줄의 거짓말도 쓴 적이 없거든
여우인 척  하는 곰인 척
하는 여우 아니면 아예 다른 거
어느 쪽이게? 뭐든 한 쪽을 골라
색안경 안에 비춰지는 거 뭐 이제 익숙하거든
난 당신 맘에 들고 싶어요
아주 살짝만 얄밉게 해도 돼요?
난 당신 맘에 들고 싶어요
자기 머리 꼭대기 위에서 놀아도 돼요? 맞혀봐
어느 쪽이게? 얼굴만 보면 몰라
속마음과 다른 표정을 짓는 일 아주 간단하거든
어느 쪽이게? 사실은 나도 몰라
애초에 나는 단 한 줄의 거짓말도 쓴 적이 없거든
여우인 척  하는 곰인 척
하는 여우 아니면 아예 다른 거
어느 쪽이게? 뭐든 한 쪽을 골라
색안경 안에 비춰지는 거 뭐 이제 익숙하거든",CHAT-SHIRE,2015. 10. 23.,미니 4집 CHAT-SHIRE
75,unlucky,https://youtu.be/3hrHjHiEfuM,1204336,"기를 쓰고 사랑해야 하는 건 아냐
하루 정도는 행복하지 않아도 괜찮아
그럼에도 역시 완벽하군 나의 여인 um
여전히 무수한 빈칸들이 있지
끝없이 헤맬 듯해
풀리지 않는 얄미운 숙제들 사이로 no wow
마치 하루하루가
잘 짜여진 장난 같아
달릴수록 내게서 달아나
Just life  we're still good without luck
길을 잃어도 계속 또각또각 또 가볍게 걸어
(Take your time)
There's no right 실은 모두가 울고 싶을지 몰라
슬퍼지고 싶지 않아서
화내는지도 몰라
여전히 무수한 질문들이 있지
이번에도 틀린 듯해
아주 사소한 토씨 하나의 차이로 no wow
마치 하루하루가
삐뚤은 동그라미 같아
도망쳐도 여기로 돌아와
Just life we're still good without luck
비틀거려도 계속 또박또박 똑바르게 걸어
(Take your time)
There's no right 때론 모두가 외로운지도 몰라
지워지고 싶지 않아서
악쓰는지도 몰라
I know that life is sometimes so mean
(Lalalala la la I love ma days) it is true  so I'm trying
난 나의 보폭으로 갈게 ooh ooh
불안해 돌아보면서도
별 큰일 없이 지나온 언제나처럼
이번에도 그래 볼게 음
Just life we're still cool without luck
길을 잃어도 계속 또각또각 또 가볍게 걸어
There's no right 실은 모두가 모르는지도 몰라
어쩌면 나름대로 더디게 느림보 같은
지금 이대로 괜찮은지도 몰라
",Love poem,2019. 11. 18.,미니 5집 Love poem
76,그사람,https://youtu.be/y5YmTj8KDWM,2137222,"그 사람 돌아보지 않아요
사랑에 약속하지 않고요
매일을 춤추듯이 살아서
한순간도 그에게 눈 뗄 수 없었나 봐요
그 사람 부끄러워 않아요
쉬운 농담에 쉬이 웃지 않고요
그러다 한 번 웃어 주면
아  난 어쩌지 못하고 밤새 몸달아 했어요
오 날 살게 하던 총명한 말 마디마디
겨우 미워해 봐도 잊혀지진 않네요
발자국 하나 안 두고
어디로 바삐 떠나셨나요
Why do I still love you?
Why do I sing about you?
Why do I still wait for you?
Sing about you? Say ""Love you""?
Baby  love you
(Oh-oh-oh) Why I love you?
(Oh-oh-oh) Why you?
오 날 덥게 하던 따뜻한 손 마디마디
애써 밀어내 봐도 떨쳐지지 않아요
그림자 한 뼘 안 주고
어찌 숨 가삐 떠나셨나요
그 사람 마주친 적 있나요
여전히 그렇게 그 던가요
지금쯤 어디서 어느 누구  어떤 음악에
고고히 춤추고 있을까요
Why do I still love you?
Why do I sing about you?
Why do I still wait for you?
Sing about you? Say ""Love you""?
Baby  I love you
(Oh-oh-oh) Why I love you?
(Oh-oh-oh) Why you?
",Love poem,2019. 11. 18.,미니 5집 Love poem
77,Blueming,https://youtu.be/D1PvIWdJ8xo,54208377,"""뭐해"" 라는 두 글자에
""네가 보고 싶어"" 나의 속마음을 담아 우
이모티콘 하나하나 속에
달라지는 내 미묘한 심리를 알까 우
아니 바쁘지 않아 nothing no  no
잠들어 있지 않아 insomnia-nia-nia
지금 다른 사람과 함께이지 않아
응  나도 너를 생각 중
우리의 네모 칸은 bloom
엄지손가락으로 장미꽃을 피워
향기에 취할 것 같아 우
오직 둘만의 비밀의 정원
I feel bloom
I feel bloom
I feel bloom
너에게 한 송이를 더 보내
밤샘 작업으로 업데이트
흥미로운 이 작품의 지은이 that's me 우
어쩜 이 관계의 클라이맥스
2막으로 넘어가기엔 지금이 good timing 우
같은 맘인 걸 알아 rea-la-la-lize
말을 고르지 말아 just rep-la-la-la-ly
조금 장난스러운 나의 은유에
네 해석이 궁금해
우리의 색은 gray and blue
엄지손가락으로 말풍선을 띄워
금세 터질 것 같아 우
호흡이 가빠져 어지러워
I feel blue
I feel blue
I feel blue
너에게 가득히 채워
띄어쓰기없이보낼게사랑인것같애
백만송이장미꽃을  나랑피워볼래?
꽃잎의 색은 우리 마음 가는 대로 칠해
시들 때도 예쁘게
우리의 네모 칸은 bloom
엄지손가락으로 장미꽃을 피워
향기에 취할 것 같아 우
오직 둘만의 비밀의 정원
I feel bloom
I feel bloom
I feel bloom
너에게 한 송이를 더 보내
",Love poem,2019. 11. 18.,미니 5집 Love poem
78,시간의 바깥,https://youtu.be/R3Fwdnij49o,13259668,"서로를 닮아 기울어진 삶
소원을 담아 차오르는 달
하려다 만 괄호 속의 말
이제야 음 음 음
어디도 닿지 않는 나의 닻
넌 영원히 도착할 수 없는 섬 같아
헤매던 날
이제야 음 음 음
기록하지 않아도
내가 널 전부 기억할 테니까
기다려
기어이 우리가 만나면
시간의 테두리 바깥에서
과거를 밟지 않고 선다면
숨이 차게 춤을 추겠어
낮에도 밝지 않은 나의 밖
끝없는 밤 남겨진 반
넌 어떨까 나와 같을까
알 수 없음에 아파지던 맘
더 멀리 자유 그 위로 가자
내일이 우릴 찾지 못할
곳에서 기쁘게 만나
이제야 한눈에 찾지 못해도 돼
내가 널 알아볼 테니까
기다려
기어이 우리가 만나면
시간의 테두리 바깥에서
과거를 밟지 않고 선다면
숨이 차게 춤을 추겠어
드디어
기다림의 이유를 만나러
꿈결에도 잊지 않았던
잠결에도 잊을 수 없었던
너의 이름을 불러 줄게
기다려
잃어버렸던 널 되찾으러
엉키었던 시간을 견디어
미래를 쫓지 않을 두 발로
숨이 차게 달려가겠어
긴긴 서사를 거쳐
비로소 첫 줄로 적혀
나 두려움 따윈 없어
서로를 감아 포개어진 삶
그들을 가만 내려보는 달
여전히 많아 하고 싶은 말
우리 좀 봐 꼭 하나 같아
",Love poem,2019. 11. 18.,미니 5집 Love poem
79,자장가,https://youtu.be/LBkG0Q1s_yY,308631,"기다리지 않기로 했잖아
울지 않을 거라고 그랬잖아
너무 늦은 밤이야
오 너무 긴 이별이야
잠시만 더 이렇게 있을까
그래 잊혀져 버릴 꿈이지만
눈을 감아 마지막
잠을 재워 줄게
My lullaby
Baby  sweet good night
무서운 꿈은 없을 거야
너의 끝나지 않는 긴긴 하루를
이제는 그만 보내주렴 음
가만히 끌어안고 있을까
어느 사이 끝나 가는 꿈이지만
마음 놓아 마지막 노랠 불러 줄게
My lullaby
Baby  sweet good night
무서운 꿈은 없을 거야
너의 끝나지 않는 긴긴 슬픔을
이제는 그만 보내 주렴
잠들지 못해
지친 숨소리가 잦아들 때까지
소란한 너의 밤을 지킬게
I'll be nearby
Baby  sweet goodnight
항상 네 곁에 있을 거야
더 만날 수 없는 지난날들도
이제는 그만 놓아 주렴
My edelweiss
Baby  sweet goodbye
모두 잊어도 돼
다 괜찮아 괜찮아 놓아
",Love poem,2019. 11. 18.,미니 5집 Love poem
80,Love poem,https://youtu.be/kcx0a2OAhN0,7661222,"누구를 위해 누군가 기도하고 있나 봐
숨죽여 쓴 사랑시가 낮게 들리는 듯해
너에게로 선명히 날아가
늦지 않게 자리에 닿기를
I'll be there 홀로 걷는 너의 뒤에
Singing till the end 그치지 않을 이 노래
아주 잠시만 귀 기울여 봐
유난히 긴 밤을 걷는 널 위해 부를게
또 한 번 너의 세상에 별이 지고 있나 봐
숨죽여 삼킨 눈물이 여기 흐르는 듯해
할 말을 잃어 고요한 마음에
기억처럼 들려오는 목소리
I'll be there 홀로 걷는 너의 뒤에
Singing till the end 그치지 않을 이 노래
아주 커다란 숨을 쉬어 봐
소리 내 우는 법을 잊은 널 위해 부를게
부를게
(다시 사랑할 수 있도록)
Here I am 지켜봐 나를  난 절대
Singing till the end 멈추지 않아 이 노래
너의 긴 밤이 끝나는 그날
고개를 들어 바라본 그곳에 있을게
",Love poem,2019. 11. 18.,미니 5집 Love poem
81,나의 옛날이야기,https://youtu.be/npttud7NkL0,20727504,"쓸쓸하던 그 골목을 당신은 기억하십니까
지금도 난 기억합니다
사랑한단 말 못하고 애태우던 그 날들을
당신은 알고 있었습니까
철없었던 지난 날의 아름답던 그 밤들을
아직도 난 사랑합니다
철없던 사람아
그대는 나의 모든 것을 앗으려 하나 무정한 사람아
수줍어서 말 못했나 내가 싫어 말 안했나
지금도 난 알 수 없어요
이 노래를 듣는다면 나에게로 와주오
그대여 난 기다립니다
무정한 사람아
이 밤도 나의 모든 것을 앗으려 하나 철없던 사람아
오늘 밤도 내일 밤도 그리고 그 다음 밤도
영원히 난 기다립니다
",꽃갈피,2014. 5. 16.,리메이크 1집 꽃갈피
82,꽃,https://youtu.be/sX_AWupIDio,146633,"꽃이 지네 산과 들 사이로
꽃이 지네 눈물같이
겨울이 훑어간 이 곳
바람만이 남은 이 곳에
꽃이 지네 꽃이 지네
산과 들 사이로
꽃이 피네 산과 들 사이로
꽃이 피네 눈물같이
봄이 다시 돌아온 이 곳
그대 오지 않은 이 곳에
꽃이 피네 꽃이 피네
산과 들 사이로
꽃이 피네 산과 들 사이로
꽃이 피네 눈물 같이
",꽃갈피,2014. 5. 16.,리메이크 1집 꽃갈피
83,삐에로는 우릴 보고 웃지,https://youtu.be/D0JxFpPjSXU,446376,"빨간 모자를 눌러쓴
난 항상 웃음 간직한 삐에로
파란 웃음 뒤에는
아무도 모르는 눈물
초라한 날 보며 웃어도
난 내 모습이 너무 아름다워
모두들 검은 넥타이
아무 말도 못하는 걸
사람들은 모두 춤추며 웃지만
나는 그런 모습 싫어
술 마시며 사랑 찾는 시간 속에
우리는 진실을 잊고 살잖아
난 차라리 웃고 있는 삐에로가 좋아
난 차라리 슬픔 아는 삐에로가 좋아
삐에로 삐에로 삐에로가가 좋아
삐에로 삐에로 삐에로가가가가 좋아
삐에로 삐에로 삐에로가가 좋아
삐에로 삐에로 삐에로가가 좋좋좋아
초라한 날 보며 웃어도
난 내 모습이 너무 아름다워
모두들 검은 넥타이
아무 말도 못하는 걸
사람들은 모두 춤추며 웃지만
나는 그런 모습 싫어
술 마시며 사랑 찾는 시간 속에
우리는 진실을 잊고 살잖아
난 차라리 웃고 있는 삐에로가 좋아
난 차라리 슬픔 아는 삐에로가 좋아
난 차라리 웃고 있는 삐에로가 좋아
난 차라리 슬픔 아는 삐에로가 좋아
난 차라리 웃고 있는 삐에로가 좋아
난 차라리 슬픔 아는 삐에로가 좋아
난 차라리 웃고 있는 삐에로가 좋아
",꽃갈피,2014. 5. 16.,리메이크 1집 꽃갈피
84,사랑이 지나가면,https://youtu.be/41nDj0JJ0pA,2860257,"그 사람 나를 보아도 나는 그 사람을 몰라요
두근거리는 마음은 아파도 이젠
그대를 몰라요
그대 나를 알아도 나는 기억을 못합니다
목이 메어와 눈물이 흘러도 사랑이 지나가면
그렇게 보고 싶던 그 얼굴을 그저
스쳐 지나면
그대의 허탈한 모습 속에 나 이젠 후회 없으니
그대 나를 알아도
나는 기억을 못합니다
목이 메어와 눈물이 흘러도
사랑이 지나가면
나나나나나 나나나 우우우우우우
그렇게 보고 싶던 그 얼굴을
그저 스쳐 지나면
그대의 허탈한 모습 속에
나 이젠 후회 없으니
그대 나를 알아도 나는 기억을 못합니다
목이 메어와 눈물이 흘러도 사랑이 지나가면
사랑이 지나가면
사랑이 지나가면
",꽃갈피,2014. 5. 16.,리메이크 1집 꽃갈피
85,너의 의미,https://youtu.be/aPiQKENFWss,5456723,"너의 그 한 마디 말도 그 웃음도
나에겐 커다란 의미
너의 그 작은 눈빛도
쓸쓸한 그 뒷모습도 나에겐 힘겨운 약속
너의 모든 것은 내게로 와
풀리지 않는 수수께끼가 되네
슬픔은 간이역의 코스모스로 피고
스쳐 불어온 넌 향긋한 바람
나 이제 뭉게구름 위에 성을 짓고
널 향해 창을 내리 바람 드는 창을
너의 그 한 마디 말도 그 웃음도
나에겐 커다란 의미
너의 그 작은 눈빛도
쓸쓸한 그 뒷모습도 나에겐 힘겨운 약속
너의 모든 것은 내게로 와
풀리지 않는 수수께끼가 되네
슬픔은 간이역의 코스모스로 피고
스쳐 불어온 넌 향긋한 바람
나 이제 뭉게구름 위에 성을 짓고
널 향해 창을 내리 바람 드는 창을
슬픔은 간이역의 코스모스로 피고
스쳐 불어온 넌 향긋한 바람
나 이제 뭉게구름 위에 성을 짓고
널 향해 창을 내리 바람 드는 창을
너의 그 한 마디 말도 그 웃음도
나에겐 커다란 의미
너의 그 작은 눈빛도
쓸쓸한 그 뒷모습도 나에겐 힘겨운 약속
",꽃갈피,2014. 5. 16.,리메이크 1집 꽃갈피
86,여름밤의 꿈,https://youtu.be/ZvO97827ajg,1118239,"조용한 밤하늘에 아름다운 별빛이
멀리 있는 창가에도 소리 없이 비추고
한낮의 기억들은 어디론가 사라져
꿈을 꾸듯 밤하늘만 바라보고 있어요
부드러운 노랫소리에 내 마음은 아이처럼
파란 추억의 바다로 뛰어가고 있네요
깊은 밤 아름다운 그 시간은 이렇게 찾아와 마음을 물들이고
영원한 여름밤의 꿈을 기억하고 있어요
부드러운 노랫소리에 내 마음은 아이처럼
파란 추억의 바다로 뛰어가고 있네요
깊은 밤 아름다운 그 시간은 이렇게 찾아와 마음을 물들이고
영원한 여름밤의 꿈을 기억하고 있어요
다시 아침이 밝아와도
잊혀지지 않도록
",꽃갈피,2014. 5. 16.,리메이크 1집 꽃갈피
87,꿍따리 샤바라,https://youtu.be/1xvAPtGo3hk,249260,"마음이울적하고답답할땐
산으로올라가소릴한번질러봐
나처럼이렇게가슴을펴고
꿍따리샤바라빠빠빠빠
기쁨과슬픔이엇갈리고
좌절과용기가교차되고
만남과이별을나누면서
그렇게우리는살아가고
뜻대로되지않을때도있고
마음먹은대로될때도있어
다그런거야누구나
세상은그렇게돌아가니까
다그렇게사는거야
희비가엇갈리는세상속에서
내일이다시찾아오기에
우리는희망을안고사는거야
마음대로일이되지않을때
하던일을멈추고여행을떠나봐
바다를찾아가소릴질러봐
꿍따리샤바라빠빠빠빠
꿍따리샤바라빠빠빠
빠빠빠빠빠빠빠빠
꿍따리샤바라빠빠빠
빠빠빠빠빠빠빠빠
우울한날이계속이어질땐
신나는음악에신나게춤을춰봐
나처럼이렇게리듬에맞춰
꿍따리샤바라빠빠빠빠
기쁨과슬픔이엇갈리고
좌절과용기가교차되고
만남과이별을나누면서
그렇게우리는살아가고
뜻대로되지않을때도있고
마음먹은대로될때도있어
다그런거야누구나
세상은그렇게돌아가니까
다그렇게사는거야
희비가엇갈리는세상속에서
내일이다시찾아오기에
우리는희망을안고사는거야
마음대로일이되지않을땐
하던일을멈추고여행을떠나봐
바다를찾아가소릴질러봐
꿍따리샤바라빠빠빠빠
꿍따리샤바라빠빠빠
빠빠빠빠빠빠빠빠
꿍따리샤바라빠빠빠
",꽃갈피,2014. 5. 16.,리메이크 1집 꽃갈피
88,어허야 둥기둥기,https://youtu.be/__QPyOfsTgk,181962,"어허야 둥기둥기 우리동네꽃동네
집들은 옹기종기 마을길은이어져
기쁜일 궂은일도 한데얼려나누세
모두들 낯이익은 이웃사촌한식구
어허야 정다운곳 우리마을꽃마을
어허야 정다운곳 우리마을꽃마을
어허야 둥기둥기 우리동네새동네
골목길 소록소록 밝은웃음가득히
큰일도 작은일도 힘을함께모으세
언제나 개미처럼 부지런히산다네
어허야 둥기둥기 우리마을꽃마을
어허야 즐거운곳 우리마을꽃마을",꽃갈피,2014. 5. 16.,리메이크 1집 꽃갈피
89,가을 아침,https://youtu.be/-Mm7LvWL2ms,2670963,"이른 아침 작은 새들 노랫소리 들려오면
언제나 그랬듯 아쉽게 잠을 깬다
창문 하나 햇살 가득 눈부시게 비쳐오고
서늘한 냉기에 재채기할까 말까 음
눈 비비며 빼꼼히 창밖을 내다보니
삼삼오오 아이들은 재잘대며 학교 가고
산책 갔다 오시는 아버지의 양손에는
효과를 알 수 없는 약수가 하나 가득 음
딸각딸각 아침 짓는 어머니의 분주함과
엉금엉금 냉수 찾는 그 아들의 게으름이
상큼하고 깨끗한 아침의 향기와
구수하게 밥 뜸드는 냄새가 어우러진
가을 아침 내겐 정말 커다란 기쁨이야
가을 아침 내겐 정말 커다란 행복이야
응석만 부렸던 내겐
파란 하늘 바라보며 커다란 숨을 쉬니
드높은 하늘처럼 내 마음 편해지네
텅 빈 하늘 언제 왔나 고추잠자리 하나가
잠 덜 깬 듯 엉성히 돌기만 비잉비잉 음
토닥토닥 빨래하는 어머니의 분주함과
동기동기 기타 치는 그 아들의 한가함이
심심하면 쳐대는 괘종시계 종소리와
시끄러운 조카들의 울음소리 어우러진
가을 아침 내겐 정말 커다란 기쁨이야
가을 아침 내겐 정말 커다란 행복이야
응석만 부렸던 내겐
가을 아침 내겐 정말 커다란 기쁨이야
가을 아침 내겐 정말 커다란 행복이야
뜬구름 쫓았던 내겐
이른 아침 작은 새들 노랫소리 들려오면
언제나 그랬듯 아쉽게 잠을 깬다
창문 하나 햇살 가득 눈부시게 비쳐오고
서늘한 냉기에 재채기할까 말까 음
",꽃갈피 둘,2017. 9. 22.,리메이크 2집 꽃갈피 둘
90,비밀의 화원,https://youtu.be/eGXJs7zOHC4,2617327,"바람을 타고 날아오르는
새들은 걱정 없이
아름다운 태양 속으로
음표가 되어 나네
향기 나는 연필로 쓴 일기처럼
숨겨두었던 마음
기댈 수 있는 어깨가 있어
비가 와도 젖지 않아
어제의 일들은 잊어
누구나 조금씩은 틀려
완벽한 사람은 없어
실수투성이고 외로운 나를 봐
난 다시 태어난 것만 같아
그대를 만나고부터
그대 나의 초라한 마음을
받아준 순간부터 랄라라릴라
하루하루 조금씩 나아질 거야
그대가 지켜보니
힘을 내야지 행복해져야지
뒤뜰에 핀 꽃들처럼
점심을 함께 먹어야지
새로 연 그 가게에서
새 샴푸를 사러 가야지
아침 하늘빛의 민트향이면 어떨까
난 다시 꿈을 꾸게 되었어
그대를 만나고부터
그대 나의 초라한
마음을 받아준 순간부터 랄라라릴라
월요일도 화요일도 봄에도
겨울에도 해가 질 무렵에도
비둘기를 안은 아이같이
행복해줘 나를 위해서
난 다시 태어난 것만 같아
그대를 만나고부터
그대 나의 초라한 마음을
받아준 순간부터 랄라라릴라
난 다시 꿈을 꾸게 되었어
그대를 만나고부터
그대 나의 초라한 마음을
받아준 순간부터 랄라라릴라
",꽃갈피 둘,2017. 9. 22.,리메이크 2집 꽃갈피 둘
91,잠 못 드는 밤 비는 내리고,https://youtu.be/m7mvpe1fVa4,12333228,"창밖을 보면 비는 오는데
괜시리 마음만 울적해
울적한 마음을 달랠 수가 없네
잠도 오지 않는 밤에
슬픈 노래는 듣고 싶지 않아
내 마음속에 잠들어있는
네가 다시 나를 찾아와
나는 긴긴밤을 잠 못 들 것 같아
창밖에 비가 내리면
우두커니 창가에 기대어 앉아
기타를 퉁기며 노래를 불렀지
네가 즐겨듣던 그 노래
창밖을 보면 비는 오는데
괜시리 마음만 울적해
울적한 마음을 달랠 수가 없네
잠도 오지 않는 밤에
이젠 나의 희미한 기억 속에
너는 점점 더 멀어져 가고
너의 슬픈 미소만이 나의 마음속에
가득 남아 흐르고 있어
이렇게 비가 오는 밤이면
너는 나를 더욱 슬퍼지게 해
언제나 즐겨듣던 그 노래가
내 귓가에 아직 남아있는데
이렇게 비가 오는 밤이면
내 지친 그리움으로 널 만나고
이 비가 그치고 나면
난 너를 찾아 떠나갈 거야
두 눈을 감고 잠을 청해도
비 오는 소리만 처량해
비 오는 소리에 내 마음 젖었네
잠도 오지 않는 밤에
이젠 나의 희미한 기억 속에
너는 점점 더 멀어져 가고
너의 슬픈 미소만이 나의 마음속에
가득 남아 흐르고 있어
이렇게 비가 오는 밤이면
너는 나를 더욱 슬퍼지게 해
언제나 즐겨듣던 그 노래가
내 귓가에 아직 남아있는데
이렇게 비가 오는 밤이면
내 지친 그리움으로 널 만나고
이 비가 그치고 나면
난 너를 찾아 떠나갈 거야
비가 오는 밤이면
내 지친 그리움으로 널 만나고
비가 그치고 나면
난 너를 찾아 떠나갈 거야
접기 프린트 가사오류신고
",꽃갈피 둘,2017. 9. 22.,리메이크 2집 꽃갈피 둘
92,어젯밤 이야기,https://youtu.be/cxcxskPKtiI,12847046,"어젯밤에 난 네가 미워졌어
어젯밤에 난 네가 싫어졌어
빙글빙글 돌아가는 불빛들을 바라보며
나 혼자 가슴 아팠어
내 친구들이 너의 손을 잡고 춤출 때마다
괴로워하던 나의 모습을 왜 못 보았니
어젯밤 파티는 너무도 외로웠지
이 세상을 다 준대도
바꿀 수가 없는 넌데
너는 그걸 왜 모르니 우
어젯밤에 난 네가 미워졌어
어젯밤에 난 네가 싫어졌어
쉴 새 없는 음악소리 끝나기를 기다리며
나 혼자 우울했었지
내 친구들이 너의 손을 잡고 춤출 때마다
괴로워하던 나의 모습을 왜 못 보았니
어젯밤 파티는 너무도 외로웠지
이 세상을 다 준대도
바꿀 수가 없는 넌데
너는 그걸 왜 모르니 우
어젯밤에 난 네가 미워졌어
어젯밤에 난 네가 싫어졌어
쉴 새 없는 음악소리 끝나기를 기다리며
나 혼자 우울했었지
",꽃갈피 둘,2017. 9. 22.,리메이크 2집 꽃갈피 둘
93,개여울,https://youtu.be/zFcvAO5eZwE,405531,"당신은 무슨 일로 그리합니까
홀로이 개여울에 주저앉아서
파릇한 풀 포기가 돋아 나오고
잔물이 봄바람에 헤적일 때에
가도 아주 가지는 않노라시던
그런 약속이 있었겠지요
날마다 개여울에 나와 앉아서
하염없이 무엇을 생각합니다
가도 아주 가지는 않노라심은
굳이 잊지 말라는 부탁인지요
가도 아주 가지는 않노라시던
그런 약속이 있었겠지요
날마다 개여울에 나와 앉아서
하염없이 무엇을 생각합니다
가도 아주 가지는 않노라심은
굳이 잊지 말라는 부탁인지요
당신은 무슨 일로 그리합니까
",꽃갈피 둘,2017. 9. 22.,리메이크 2집 꽃갈피 둘
94,매일 그대와,https://youtu.be/N_E6Jnt4zss,698998,"매일 그대와 아침 햇살 받으며
매일 그대와 눈을 뜨고파
매일 그대와 도란도란 둘이서
매일 그대와 얘기하고파
새벽비 내리는 거리도
저녁노을 불타는 하늘도
우리를 둘러싼 모든 걸
같이 나누고파
매일 그대와 밤의 품에 안겨
매일 그대와 잠이 들고파
매일 그대와
새벽비 내리는 거리도
저녁노을 불타는 하늘도
우리를 둘러싼 모든 걸
같이 나누고파
매일 그대와 아침 햇살 받으며
매일 그대와 눈을 뜨고파 (정말)
매일 그대와 (진짜)
잠이 들고파 (몹시)
매일 그대와 (엄청)
얘기 하고파 (정말)
매일 그대와
매일 그대와
",꽃갈피 둘,2017. 9. 22.,리메이크 2집 꽃갈피 둘
95,나만 몰랐던 이야기,https://youtu.be/qGWZUtfV3IU,6102453,"정말 넌 다 잊었더라
반갑게 날 보는 너의 얼굴 보니
그제야 어렴풋이 아파오더라
새 살 차오르지 못한 상처가
눈물은 흐르질 않더라
이별이라 하는 게 대단치도 못해서
이렇게 보잘것없어서
좋은 이별이란 거  결국 세상엔 없는 일이라는 걸
알았다면 그때 차라리 다 울어둘 걸
그때 이미 나라는 건 네겐 끝이었다는 건
나만 몰랐었던 이야기
사랑은 아니었더라
내 곁에 머물던 시간이었을 뿐
이제야 어렴풋이 알 것만 같아
왜 넌 미안했어야만 했는지
내가 너무 들떴었나 봐
떠나는 순간마저 기대를 했었다니
얼마나 우스웠던 거니
좋은 이별이란 거  결국 세상엔 없는 일이라는 걸
알았다면 그때 차라리 다 울어둘 걸
그때 이미 나라는 건 네겐 끝이었다는 건
나만 몰랐었던 이야기
",Real+,2011. 2. 17.,싱글 1집 Real+
96,잔혹동화,https://youtu.be/WCZdcx_CJnI,121169,"이 밤 지나고 나면은
날 깨울 그대 올테죠
한 방울 씩 흘려 놓은
눈물 즈려 밟으며
저 문 열리면 또 다시
빛이 내게 닿을테죠
그 이후론 영원토록
행복하게 살테죠
열 두시 종이 울리면
꿈 속에서 눈 뜨죠
사람들의 축복 속에
춤추고 있는 우리 둘
난 숨을 쉬죠 (You will never know)
난 살아있어요 (Everyone fails to love)
그 사실만은 나 믿어도 되는 거겠죠
Nothing lasts forever  Nothing really matters
날 찾는 길이 험해서
헤매고 있나봐요
언젠가는 웃으면서
그대 품에 잠들겠죠
난 갈 수 없죠 (I will never know)
날 못 찾을까 봐 (Everyone tells me so)
이 기다림이 다 물거품 돼 버릴까봐
Nothing lasts forever Nothing really matters
Nothing lasts forever Nothing really matters
Nothing lasts forever Nothing really matters
Nothing lasts forever Nothing really matters
",Real+,2011. 2. 17.,싱글 1집 Real+
97,복숭아,https://youtu.be/SQ2s3Oicr4o,1542414,"자꾸 눈이 가네
하얀 그 얼굴에
질리지도 않아 넌 왜
슬쩍 웃어줄 땐
나 정말 미치겠네
어쩜 그리 예뻐 babe
뭐랄까 이 기분
널 보면 마음이
저려오네뻐근하게
오 어떤 단어로 널
설명할 수 있을까
아마 이 세상 말론 모자라
가만 서 있기만 해도
예쁜 그 다리로
내게로 걸어와
안아주는 너
You know he's so beautiful
Maybe you will never know
내 품에 숨겨두고
나만 볼래
어린 마음에
하는 말이 아니야
꼭 너랑 결혼할래
오 어떤 단어로 널
설명할 수 있을까
아마 이 세상 말론 모자라
가만 서 있기만 해도
예쁜 그 다리로
내게로 걸어와
안아주는 너
몇 번을 말해줘도 모자라
오직 너만 알고 있는
간지러운 그 목소리로
노래 부를 거야
나 나 나 나
자꾸 맘이 가네
나 정말 미치겠네
",스무 살의 봄,2012. 5. 11.,싱글 2집 스무 살의 봄
98,하루  끝,https://youtu.be/mzYM9QKKWSg,3083002,"Monday  better day
처음처럼 설레이는 그런 날
Sunday  better day
종일 너만 생각하는 그런 날
욕심이 나 우리 사이
요만큼만 더 가까이
딱 한 발짝 그만큼 더 가까이
혼잣말이 속삭임이
너도 궁금할 순 있잖아
네가 좋아서 그래
나 차가운 척 표정 짓고 있지만
내 마음은 그게 아닌데 거짓말인데
바보 같은 네가 난 답답해
너무 좋아서 그래
나 시무룩한 얼굴하고 있지만
또 기다리다 고민만 하다
흘러가는 하루 끝에서
하는 말 내가 널 사랑해
One day  holiday
혼자 있긴 너무너무 싫은 날
One day  cloudy day
울 것처럼 하늘도 찌푸린 날
눈물이 와 서글픈
내 맘을 닮은 눈물이 와
꾹 참았다 쏟아지는 내 맘이
온 하늘에 온 세상에
그저 슬픈 건 아닐 거야
네가 좋아서 그래
나 차가운 척 표정 짓고 있지만
내 마음은 그게 아닌데 거짓말인데
바보 같은 네가 난 답답해
너무 좋아서 그래
나 시무룩한 얼굴하고 있지만
또 기다리다 고민만 하다
흘러가는 하루 끝에서
하는 말 내가 널 사랑해
내 입술엔 거짓말
내 눈 속엔 정말 하고픈 말
맘속에 숨어 있는 말
많이 좋아서 그래
뒤돌아서 느려진 발걸음을 봐
널 기다리는 맘인 거잖아
날 지켜본 너라면 알잖아
내가 몰라서 그래
네 마음이 들리게 내게 말해줘
손 내밀면 될 것 같은데
망설이는 이유가 나와 같다면
이제 다가와 줘
",스무 살의 봄,2012. 5. 11.,싱글 2집 스무 살의 봄
99,그 애 참 싫다,https://youtu.be/w4fAY-zesnQ,712454,"아직도 그 애가 그렇게 대단하니
그깟 전화 한 통에도 가슴이 덜컥하니
하던 얘기조차 잊고 다른 생각하는 너
순간 굳은 표정에 내 맘이 더 놀래
만나본 적 없지만 그 애 참 싫다
얼마나 좋아했길래 이래
얼마나 사랑했길래 이래
그 사람 어디가 그렇게 좋았니
너 정말 왜 이러니 (왜 이러니)
잊었다 했잖아 전부 다 지웠다고
모두 다 지나간 일 기억도 안 난다고
사실은 아직도 가슴 속에 품고
보내지 못하고서 잊는 거였니
만나본 적 없지만 그 애 참 싫다
얼마나 좋아했길래 이래
얼마나 사랑했길래 이래
그 사람 어디가 그렇게 좋았니
너 정말 왜 이러니 (왜 이러니)
얼마나 좋아했길래 이래
얼마나 사랑했길래 이래
나까지 이렇게 아프게 하니
너 정말 언제까지 이럴 거니
차갑게 널 떠나놓고 또 연락은 왜 하는지
받아주는 너도 참 답답하지만
그런 너를 보면서도 네 주위를 맴도는
내가 더 바보야
기다리는 내가 더 바보야
얼마나 좋아했길래 이래
얼마나 사랑했길래 이래
그 사람 어디가 그렇게 좋았니
너 정말 왜 이러니 왜 이러니 왜
얼마나 좋아했길래 이래 (얼마나 좋아했길래)
얼마나 사랑했길래 이래 (얼마나 사랑했길래)
날 아프게 하니
만나본 적 없지만 그 애 참 싫다
",스무 살의 봄,2012. 5. 11.,싱글 2집 스무 살의 봄
100,잔소리,https://youtu.be/xxq-rXd5ZQo,3443548,"늦게 다니지좀 마
술은 멀리좀 해봐
열살짜리 애처럼 말을 안듣니
정말 웃음만 나와
누가 누굴보고 아이라 하는지
정말 웃음만 나와
싫은 얘기 하게 되는
내 맘을 몰라
좋은 얘기만 나누고 싶은
내맘을 몰라
그만할까 그만하자
하나부터 열까지 다
널 위한 소리
내 말 듣지 않는
너에게는 뻔한 잔소리
그만하자 그만하자
사랑하기만해도 시간 없는데
머리 아닌 가슴으로
하는 이야기
니가 싫다 해도
안 할수가 없는 이야기
그만하자 그만하자
나의 잔소리가 들려
밥은 제 때 먹는지
여잔 멀리 하는지
온 종일을 네 옆에 있고 싶은데
내가 그 맘인거야
주머니속에 널 넣고 다니면
정말 행복할텐데
둘이 아니면 안되는
우리 이야기
누가 듣는다면 놀려대고
웃을 이야기
그만할까 그만하자
하나부터 열까지
다 널 위한 소리
내 말 듣지 않는
너에게는 뻔한 잔소리
그만하자 그만하자
사랑하기만해도 시간 없는데
머리 아닌 가슴으로
하는 이야기
니가 싫다 해도
안 할수가 없는 이야기
그만하자 그만하자
나의 잔소리가 들려
눈에 힘을 주고 겁을 줘봐도
내겐 그저 귀여운 얼굴
이럴래 자꾸 더는 못 참고
정말 화낼지 몰라
사랑하다 말거라면
안 할 이야기
누구보다 너를 생각하는
마음의 소리
화가 나도 소리 쳐도
너의 잔소리마저 난 달콤한데
사랑해야 할 수 있는
그런 이야기
내 말 듣지 않는
너에게는 뻔한 잔소리
그만하자 그만하자
이런 내 맘을 믿어줘",잔소리,2010. 6. 3.,디지털 싱글 잔소리
101,Rain Drop,https://youtu.be/xCUw2YAS9Lk,1051986,"소나기가 내려온다
내 머리위로 갑자기 말도 없이
젖어 버리겠네

추억이 흘러 내린다
따라 눈물도 흐른다
바보처럼

집에 가는 길 아직도 멀기만한데
우산도 없이 감기 걸릴 것만 같아
이 길이 너에게로 돌아갈수 있는 길이면
젖어도 좋은데

Oh Rain Drop Oh Rain Drop 사랑이 참 모자라구나
Oh Rain Drop Oh Rain Drop 사랑은 저 빗방울처럼

모두 까맣게 잊어버리고
젖어 버리고선 아파하는 감기같은 걸까요

지난 여름날 햇살 아래 짜증내고
뒤돌아 서 버린 내 어리석음
예전처럼 우산을 들고 서있는 너를 본다면
참 좋을 것 같아

Oh Rain Drop Oh Rain Drop 사랑이 참 모자라구나
Oh Rain Drop Oh Rain Drop 사랑은 저 빗방울처럼

모두 까맣게 잊어버리고
젖어 버리고선 아파하는 감기같은 걸까요

쉽게 내쳐버린 말 야속했던 얘기로
많이 상처받았을 네 가슴이지만
오 아직도 내가 있다면
그 안에 내가 있다면
젖은 발로 달려가고만 싶어

oh rain drop oh rain drop 사랑이 참 모자라구나
oh rain drop oh rain drop 사랑은 저 빗방울처럼

정말 까맣게 잊어버리고
젖어 버리고선 아파하는 감기 같은 걸까요

그런 못된 감기같은 걸까요
내 사랑은 항상 왜 이럴까요
",잔소리,2010. 6. 3.,디지털 싱글 잔소리
102,"성시경 그대네요
",https://youtu.be/e2-CY2VQyFc,1060589,"그대네요 정말 그대네요
그 따뜻한 눈빛은 늘 여전하네요
이제야 날 봤나요 한참을 보고 있었는데
햇살이 어루만지는 그대 얼굴

꿈일지도 몰라 안녕이란 말도 나오질 않아
하고픈 말 얼마나 많았는데
꿈에서도 너만 찾았는데
너무 늦었단 그런 말은 듣기 싫은데
내 눈을 피하는 그대
내 맘이 보이나요
그대 눈빛을 난 알 수가 없어
소리 없이 나 혼자 안녕

알고 있죠 (알고 있어요)
지나간 일에는 (너무 힘들었죠)
만약이란 없는 것 그래도 한 번쯤
달려가 잡았다면 (그대가)
한 번만 안아줬더라면
그렇게 돌아서진 않았을텐데

꿈일지도 몰라 안녕이란 말도 나오질 않아
하고픈 말 얼마나 많았는데
꿈에서도 너만 찾았는데
혹시 그대도 하루마다 힘들었다면
나를 그리워했다면
주저하지 말아요
다시 망설이다 놓칠 순 없어
떨리는 목소리로 안녕

언젠가는 꼭 만나게 될 거라고
마음을 다해 바란다면
난 믿어왔었죠 이젠 슬픔은 없을거야
우리 다시 만나면

감사해 우연이 선물한 이 순간을
그대도 지금 입술까지 떨려온다면
눈물이 날 것 같다면
내 손을 잡아줘요
그댈 다시 안아 봐도 될까요
숨결처럼 가까이 안녕
우리의 처음처럼 안녕
",그대네요,2010. 9. 28.,디지털 싱글 그대네요
103,봄 사랑 벚꽃 말고,https://youtu.be/ouR4nn1G9r4,107021426,"길었던 겨우내 줄곧
품이 좀 남는 밤색 코트
그 속에 나를 쏙 감추고
걸음을 재촉해 걸었어
그런데 사람들 말이
너만 아직도 왜 그러니
그제서야 둘러보니 어느새 봄이
손 잡고 걸을
사람 하나 없는 내게
달콤한 봄바람이 너무해
나만 빼고 다 사랑에 빠져
봄노래를 부르고
꽃잎이 피어나 눈 앞에 살랑거려도
난 다른 얘기가 듣고 싶어
한바탕 휩쓸고 지나가버릴
오오 봄 사랑 벚꽃 말고
봄 사랑 벚꽃 말고
봄 사랑 벚꽃 말고
봄 사랑 벚꽃 말고
손에 닿지도 않을 말로
날 꿈틀거리게 하지 말어
맘 먹고 밖에 나가도
(막상 뭐 별 거 있나)
손 잡고 걸을 사람
하나 없는 내게
오 사랑노래들이 너무해
나만 빼고 다 사랑에 빠져
봄노래를 부르고
꽃잎이 피어나 눈 앞에 살랑거려도
난 다른 얘기가 듣고 싶어
한바탕 휩쓸고 지나가버릴
오오 봄 사랑 벚꽃 말고
남들보다 절실한 사랑 노래
가사를 불러 봐
수많은 연인들 가운데
왜 나는 혼자만
똑같은 거리와 어제와
같은 옷차림
난 제자린데 왜 세상은
변한 것만 같지
누군가와 봄길을 거닐고
할 필욘 없지만
누구나 한번쯤은 머물고
싶은 그런 기억을
만들고 싶어 떨어지는
벚꽃잎도
엔딩이 아닌
봄의 시작이듯
사실은 요즘 옛날 생각이 나
걷기만 해도 그리워지니까
다시 느낄 수 있나 궁금해지지만
Then you know what
나만 빼고 다 사랑에 빠져
봄노래를 부르고
꽃잎이 피어나 눈 앞에 살랑거려도
난 다른 얘기가 듣고 싶어
한바탕 휩쓸고 지나가버릴
오오 봄 사랑 벚꽃 말고
봄 사랑 벚꽃 말고
봄 사랑 벚꽃 말고
봄 사랑 벚꽃 말고
봄 사랑 벚꽃 말고
",봄 사랑 벚꽃 말고,2014. 4. 8.,디지털 싱글 봄 사랑 벚꽃 말고
104,소격동 ,https://youtu.be/GHu39FEFIks,8654595,"나 그대와 둘이 걷던 그 좁은 골목계단을 홀로 걸어요
그 옛날의 짙은 향기가 내 옆을 스치죠
널 떠나는 날 사실 난.
등 밑 처마 고드름과 참새소리 예쁜 이 마을에 살 거예요
소격동을 기억하나요 지금도 그대로 있죠
아주 늦은 밤 하얀 눈이 왔었죠
소복이 쌓이니 내 맘도 설렜죠
나는 그날 밤 단 한숨도 못 잤죠
잠들면 안돼요
눈을 뜨면 사라지죠
어느 날 갑자기 그 많던 냇물이 말라갔죠
내 어린 마음도 그 시냇물처럼 그렇게 말랐겠죠
너의 모든걸 두 눈에 담고 있었죠
소소한 하루가 넉넉했던 날
그러던 어느 날 세상이 뒤집혔죠 다들 꼭 잡아요
잠깐 사이에 사라지죠
잊고 싶진 않아요 하지만 나에겐
사진 한 장도 남아있지가 않죠
그저 되뇌면서 되뇌면서
나 그저 애를 쓸 뿐이죠
아주 늦은 밤 하얀 눈이 왔었죠
소복이 쌓이니 내 맘도 설렜죠
나는 그날 밤 단 한숨도 못 잤죠
잠들면 안돼요
눈을 뜨면 사라지죠
",소격동,2014. 10. 2.,디지털 싱글 소격동
105,마음,https://youtu.be/2HQqcBUcWvs,1233883,"툭 웃음이 터지면 그건 너
쿵 내려앉으면은 그건 너
축 머금고 있다면 그건 너
둥 울림이 생긴다면 그건 너
그대를 보며
나는 더운 숨을 쉬어요
아픈 기분이 드는 건
그 때문이겠죠
나를 알아주지 않으셔도 돼요
찾아오지 않으셔도
다만 꺼지지 않는 작은 불빛이
여기 반짝 살아있어요
영영 살아있어요
눈을 떼지 못 해
하루종일 눈이 시려요
슬픈 기분이 드는 건
그 때문이겠죠
제게 대답하지 않으셔도 돼요
달래주지 않으셔도
다만 꺼지지 않는 작은 불빛이
여기 반짝 살아있어요
세상 모든 게 죽고 새로 태어나
다시 늙어갈 때에도
감히 이 마음만은 주름도 없이
여기 반짝 살아있어요
영영 살아있어요
영영 살아있어요
",마음,2015. 5. 18.,디지털 싱글 마음
106,밤편지,https://youtu.be/BzYnNdJhZQw,78459713,"이 밤 그날의 반딧불을
당신의 창 가까이 보낼게요
음 사랑한다는 말이에요
나 우리의 첫 입맞춤을 떠올려
그럼 언제든 눈을 감고
음 가장 먼 곳으로 가요
난 파도가 머물던
모래 위에 적힌 글씨처럼
그대가 멀리
사라져 버릴 것 같아
늘 그리워 그리워
여기 내 마음속에
모든 말을
다 꺼내어 줄 순 없지만
사랑한다는 말이에요
어떻게 나에게
그대란 행운이 온 걸까
지금 우리 함께 있다면
아 얼마나 좋을까요
난 파도가 머물던
모래 위에 적힌 글씨처럼
그대가 멀리
사라져 버릴 것 같아
또 그리워 더 그리워
나의 일기장 안에
모든 말을
다 꺼내어 줄 순 없지만
사랑한다는 말
이 밤 그날의 반딧불을
당신의
창 가까이 띄울게요
음 좋은 꿈 이길 바라요
",밤편지,2017. 3. 24.,디지털 싱글 밤편지
107,사랑이 잘,https://youtu.be/dMn509ddAkc,13117175,"미리 말할게 사과는 안 해
아무 말 없이 너 후회 안 해?
다 관심 없잖아 친구야 뭐야
Oh you know what to do
피곤해 그만 오늘은 놔 줘
더 이상 반복하긴 싫어
또 다 내가 나빠
아마 그래 난 널 미워하나 봐
사랑이 잘 안 돼
떠올려 봐도
피부를 비비고 안아봐도
입술을 맞춰도 참
생각대로 되지 않아
웃긴 것 같아
되돌려보려고 서로 모른 척해도
이제 와 우리가 어떻게
다시 사랑 같은 걸 하겠어
다섯 번째 미안하단 말이
이젠 너에게는 지겨운 건지
마지막일 거란 예감이 들어
Oh you know what to do
이건 내가 오늘 하루 종일
그린 저녁은 분명 아니야
널 보면 자꾸 네 안에 내가 보여서
이젠 내가 싫어
사랑이 잘 안 돼
떠올려 봐도
피부를 비비고 안아봐도
입술을 맞춰도 참
생각대로 되지 않아
웃긴 것 같아
되돌려보려고 서로 모른 척해도
이제 와 우리가 어떻게
다시 사랑 같은 걸 하겠어
어디야
넌 어디야
집이야
난 택시야
집에 거의 다 와가니
Oh 미안해
뭐 어떤 게
그냥 다
들어가
나 지갑 거기 두고 왔어
Oh 있잖아
아니야
말해 봐
이제 더 사랑하지 않는 것 같아
아
사랑이 잘 안 돼
떠올려 봐도
피부를 비비고 안아봐도
입술을 맞춰도 참
생각대로 되지 않아
웃긴 것 같아
되돌려보려고 서로 모른 척해도
이제 와 우리가 어떻게
다시 사랑 같은 걸 하겠어
",사랑이 잘,2017. 4. 7.,디지털 싱글 사랑이 잘
108,삐삐 ,https://youtu.be/nM0xDI5R50E,154557075,"Hi there 인사해 호들갑 없이
시작해요 서론 없이
스킨십은 사양할게요 back off back off
이대로 좋아요 balance balance
It's me 나예요 다를 거 없이
요즘엔 뭔가요 내 Gossip
탐색하는 불빛 scanner scanner
오늘은 몇 점인가요? jealous jealous
쟤는 대체 왜 저런 옷을 좋아한담?
기분을 알 수 없는 저 표정은 뭐람?
태가 달라진 건 아마 스트레스 때문인가?
걱정이야 쟤도 참
Yellow C A R D
이 선 넘으면 침범이야 beep
매너는 여기까지 it's ma ma ma mine
Please keep the la la la line
Hello stu P I D
그 선 넘으면 정색이야 beep
Stop it 거리 유지해 cause we don't know know know know
Comma we don't owe owe owe owe
(Anything)
I don't care 당신의 비밀이 뭔지
저마다의 사정 역시
정중히 사양할게요 not my business
이대로 좋아요 talk talkless
Still me 또예요 놀랄 거 없이
I'm sure you're gonna say ""my gosh""
바빠지는 눈빛 checki cheking
매일 틀린 그림 찾기 hash tagging
꼿꼿하게 걷다가 삐끗 넘어질라
다들 수군대는 걸 자긴 아나 몰라
요새 말이 많은 걔랑 어울린다나?
문제야 쟤도 참
Yellow C A R D
이 선 넘으면 침범이야 beep
매너는 여기까지 it's ma ma ma mine
Please keep the la la la line
Hello stu P I D
그 선 넘으면 정색이야 beep
Stop it 거리 유지해 cause we don't know know know know
Comma we don't owe owe owe owe
(Anything)
편하게 하지 뭐
어 거기 너 내 말 알아 들어? 어?
I don't believe it
에이 아직 모를 걸
내 말 틀려? 또 나만 나뻐? 어?
I don't believe it
깜빡이 켜 교양이 없어 너 knock knock knock
Enough 더 상대 안 해 block block block block block
잘 모르겠으면 이젠 좀 외워 babe
Repeat repeat
참 쉽지 right
Yellow C A R D
이 선 넘으면 침범이야 beep
매너는 여기까지 it's ma ma ma mine
Please keep the la la la line
Hello stu P I D
그 선 넘으면 정색이야 beep
Stop it 거리 유지해 cause we don't know know know know
Comma we don't owe owe owe owe
(Anything)
",삐삐 ,2018. 10. 10.,디지털 싱글 삐삐
109,첫 겨울이니까,https://youtu.be/1YZzSkP6KZo,781700,"무얼 고를까 추운 겨울이니까
캐시미어 스웨터는 어떨까 처음이니까
초록이 날까 다홍색은 어떨까
보라 빛 밤 구름 사이로 하얀 눈이 내리면
크리스마스 온 세상이 반짝이네
크리스마스 그중 제일 반짝이는
숨막히게 예쁜 너와 우리 둘만의
첫 겨울이니까
뭐가 좋을까 로즈 골드 빛 목걸인 어떨까
언젠가 풀 반지 곱게 엮어
고백을 할 땐 눈이 오면 좋겠어
크리스마스 온 세상 포근해 지네
크리스마스 그 중에 가장 따듯한
너의 품 속에서
항상 너의 곁에서
사랑해 있잖아 널 보면 나의 맘에 눈처럼
가득히 날리고 영원토록 녹지 않아
우리의 겨울이 (우리 사랑이)
하얗게 쌓여가
크리스마스 사랑만 가득히
크리스마스 온 세상 환희 반짝이네
크리스마스 그 중에 제일 반짝이는
숨막히게 예쁜 너와 (멋진 너와)
크리스마스 사랑만 가득히 (온 세상)
메리 크리스마스 그 중에 가장 따듯한
잠든 너의 품속에서 (내 품속에서)
잠든 네 꿈속에서
항상 너의 곁에서
늘 우리 둘이서
",첫 겨울이니까,2019. 12. 9.,디지털 싱글 첫 겨울이니까
110,에잇,https://youtu.be/TgOu00Mf3kI,62910446,"So are you happy now (happy now)
Finally happy now yeah (yeah)
뭐 그대로야 난 (그대로야 난)
다 잃어버린 것 같아
모든 게 맘대로 왔다가 인사도 없이 떠나
이대로는 무엇도 사랑하고 싶지 않아
다 해질 대로 해져버린
기억 속을 여행해
우리는 오렌지 태양 아래
그림자 없이 함께 춤을 춰
정해진 이별 따위는 없어
아름다웠던 그 기억에서 만나
Forever young
우우우 우우우우 우우우 우우우우
Forever we young
우우우 우우우우
이런 악몽이라면 영영 깨지 않을게 (슈가)
섬 그래 여긴 섬 서로가 만든 작은 섬
예 음 forever young 영원이란 말은 모래성
작별은 마치 재난문자 같지
그리움과 같이 맞이하는 아침
서로가 이 영겁을 지나
꼭 이 섬에서 다시 만나
지나듯 날 위로하던 누구의 말대로 고작
한 뼘짜리 추억을 잊는 게 참 쉽지 않아
시간이 지나도 여전히
날 붙드는 그 곳에
우리는 오렌지 태양 아래
그림자 없이 함께 춤을 춰
정해진 안녕 따위는 없어
아름다웠던 그 기억에서 만나
우리는 서로를 베고 누워
슬프지 않은 이야기를 나눠
우울한 결말 따위는 없어
난 영원히 널 이 기억에서 만나
Forever young
우우우 우우우우 우우우 우우우우
Forever we young
우우우 우우우우
이런 악몽이라면 영영 깨지 않을게
",에잇,2020. 5. 6.,디지털 싱글 에잇